log_case,shape_id,stroke_width,stroke_length,average_hue,hue_sd,average_saturation,saturation_sd,average_value,value_sd,label
DetR-large-scale.coco-segmentation/Lake Ridgefield,0,5.554854585052257,584,33.204084588644264,49.49479625025034,72.25086906141367,41.07574591518976,166.59849362688297,44.74145021533866,True
DetR-large-scale.coco-segmentation/Lake Ridgefield,1,4.94182422330964,592,35.662018047579984,52.493289945312945,93.62296964725185,59.38353749750599,184.932403609516,58.578445823181525,True
DetR-large-scale.coco-segmentation/Lake Ridgefield,2,4.9029015894986525,572,33.95137524557957,51.45096494832666,67.28061558611657,38.36711096515189,172.1185330713818,39.82417188528153,False
DetR-large-scale.coco-segmentation/Lake Ridgefield,3,5.2499517214057105,367,46.67926804745626,59.18072507920124,54.12366780615323,30.84113710361863,176.1170319726523,43.83913404387058,False
DetR-large-scale.coco-segmentation/Lake Ridgefield,4,6.238662914211334,344,41.63527467988435,51.67808542939859,46.875051631557206,27.98891695977137,202.15737298636927,48.800642431545874,True
DetR-large-scale.coco-segmentation/Lake Ridgefield,5,5.865655900590742,329,53.95106876126706,59.608717935751834,54.72727272727273,33.734813570229285,186.33582281740922,52.81257607198089,False
DetR-large-scale.coco-segmentation/Lake Ridgefield,6,5.734900099524764,321,42.83532401524778,53.62513608199444,53.79695044472681,34.82063228727657,186.69936467598475,51.4835791252467,True
DetR-large-scale.coco-segmentation/Lake Ridgefield,7,5.643234144593245,317,43.87216279676493,55.42146783740857,52.46830159144273,31.94818887525414,186.2207148447691,50.65462227630318,False
DetR-large-scale.coco-segmentation/Lake Ridgefield,8,5.664898542356504,327,36.56349006789037,49.43789193883332,51.091274830274074,29.53160394715089,190.46090017601207,50.556053556063226,False
DetR-large-scale.coco-segmentation/Lake Ridgefield,9,6.1130857077010985,324,30.667124362495095,46.171899183742184,51.70812083169871,29.001040564513413,193.19537073362102,47.28087615153291,False
DetR-large-scale.coco-segmentation/Lake Ridgefield,10,5.871909255457778,395,24.16131169261345,37.65468017552135,51.140609473335545,27.782228248504364,193.27509108976483,39.11997766043603,False
DetR-large-scale.coco-segmentation/Lake Ridgefield,11,5.206332883441238,695,20.77123928293063,32.66898659924775,80.81527669524552,44.02031245910489,181.47285009093272,34.866800741241846,True
DetR-large-scale.coco-segmentation/Lake Ridgefield,12,5.330564972911569,708,19.253511881318104,27.688503133921614,90.44361297098595,44.69459627330812,174.30786398844688,38.683944463670706,False
DetR-large-scale.coco-segmentation/Lake Ridgefield,13,5.853588701081318,696,18.84619140625,28.12887169785901,95.4739990234375,46.64487844637761,185.6170654296875,37.72630240749048,False
DetR-large-scale.coco-segmentation/Lake Ridgefield,14,5.983335444799258,718,18.6401922636759,28.486047157098078,104.38784618905927,53.28115525058509,172.83943694209202,34.368890214269534,False
DetR-large-scale.coco-segmentation/Lake Ridgefield,15,5.11635074329219,854,21.079013906447535,32.93234700892805,92.55257058575643,66.70693113562999,201.7157606405394,42.72452050721514,True
DetR-large-scale.coco-segmentation/Lake Ridgefield,16,5.596282666975188,724,18.38483547925608,26.58404975483951,98.69873628993801,49.602636216473705,180.38960419647114,39.82032663885283,False
DetR-large-scale.coco-segmentation/Lake Ridgefield,17,5.2782987188935335,405,28.28937728937729,42.64367394410406,62.73882783882784,33.24818309640572,191.8357142857143,40.55860327453808,False
DetR-large-scale.coco-segmentation/Lake Ridgefield,18,5.186736418802051,335,35.57789522058823,50.62211228492496,62.01999080882353,32.745134842939166,185.37063419117646,46.000347582630305,False
DetR-large-scale.coco-segmentation/Lake Ridgefield,19,5.336969725241459,315,35.57890477475047,47.372453578706846,57.343943889937954,38.299609943281155,198.47181008902078,53.70652250447505,True
DetR-large-scale.coco-segmentation/Lake Ridgefield,20,5.440626373435331,286,46.310255673657,58.39200488896836,61.32548118356794,33.79827712011576,188.54237288135593,50.163404348992245,False
DetR-large-scale.coco-segmentation/Lake Ridgefield,21,6.547590270303981,296,39.929763560500696,52.35711004502412,58.81223922114047,34.82600606733454,184.4823829392675,52.146847769457764,True
DetR-large-scale.coco-segmentation/Lake Ridgefield,22,5.962541997102027,299,25.06190681622088,35.136536446133796,54.8364969801553,36.5629578198543,198.02480586712684,50.00572475278388,True
DetR-large-scale.coco-segmentation/Lake Ridgefield,23,5.663909058137999,367,24.45154103230598,35.30465743044385,51.422020051986635,27.430192762963536,185.1732268845154,45.06569322831584,False
DetR-large-scale.coco-segmentation/Lake Ridgefield,24,5.942183020197287,566,24.843484224965707,31.21734599130481,49.52510288065844,40.15785024593416,210.3991769547325,51.25070362535051,True
DetR-large-scale.coco-segmentation/Lake Ridgefield,25,4.22508026402773,1682,33.3731676419135,49.95920612808022,68.02087229293599,50.41521675889286,183.1173312420824,52.134980095215454,True
DetR-large-scale.coco-segmentation/Lake Ridgefield,26,4.952318807191728,575,34.88003327787022,51.75530952368466,67.41680532445923,38.73734864628019,170.41314475873543,43.118362734676566,False
DetR-large-scale.coco-segmentation/Lake Ridgefield,27,5.696466284151501,613,34.50657983991317,52.60355980593824,69.1674128340795,39.94642901046605,163.4734771401438,44.211228109172666,True
DetR-large-scale.coco-segmentation/South Cleardale,0,5.467797375148475,215,0.0,0.0,0.0,0.0,183.99485861182518,75.75891931194768,False
DetR-large-scale.coco-segmentation/South Cleardale,1,5.380489653875403,164,0.0,0.0,0.0,0.0,194.67874794069192,68.71519214715619,False
DetR-large-scale.coco-segmentation/South Cleardale,2,4.540448668078554,312,0.0,0.0,0.0,0.0,82.88720379146919,76.32261436448076,True
DetR-large-scale.coco-segmentation/South Cleardale,3,4.8105090367512915,339,0.0,0.0,0.0,0.0,117.11035845328817,61.45322586940242,False
DetR-large-scale.coco-segmentation/South Cleardale,4,5.607863704819159,306,0.0,0.0,0.0,0.0,166.4783653846154,60.44680558513982,False
DetR-large-scale.coco-segmentation/South Cleardale,5,5.685204520008329,397,0.0,0.0,0.0,0.0,162.83925811437405,83.6053998208388,False
DetR-large-scale.coco-segmentation/South Cleardale,6,5.469063508889784,453,0.0,0.0,0.0,0.0,107.66470588235295,64.24848901702458,False
DetR-large-scale.coco-segmentation/South Cleardale,7,5.896780735433379,552,0.0,0.0,0.0,0.0,198.02931402800854,61.261717838837036,False
DetR-large-scale.coco-segmentation/South Cleardale,8,6.428952943026245,621,0.0,0.0,0.0,0.0,189.9630861680438,67.9663422803873,False
DetR-large-scale.coco-segmentation/South Cleardale,9,5.736272201180531,479,0.0,0.0,0.0,0.0,116.67094017094017,60.227011831874904,False
DetR-large-scale.coco-segmentation/South Cleardale,10,5.550765640838011,385,0.0,0.0,0.0,0.0,145.91511627906976,71.41489327024465,False
DetR-large-scale.coco-segmentation/South Cleardale,11,5.830152029008313,298,0.0,0.0,0.0,0.0,165.99714536671058,72.89579462296278,False
DetR-large-scale.coco-segmentation/South Cleardale,12,4.65562177862623,383,0.0,0.0,0.0,0.0,141.67116320212295,84.14238635089326,True
DetR-large-scale.coco-segmentation/South Cleardale,13,6.261412276983332,275,0.0,0.0,0.0,0.0,136.46108897742363,83.44947266812633,False
DetR-large-scale.coco-segmentation/South Cleardale,14,6.120395917214684,268,0.0,0.0,0.0,0.0,146.40752913056468,79.35427728643742,False
DetR-large-scale.coco-segmentation/South Cleardale,15,9.116396021222421,394,0.0,0.0,0.0,0.0,90.61165279429251,77.98660488812776,True
DetR-large-scale.coco-segmentation/South Cleardale,16,5.799166659286244,260,0.0,0.0,0.0,0.0,157.4099547511312,78.40809411132182,False
DetR-large-scale.coco-segmentation/South Cleardale,17,5.829707697852494,248,0.0,0.0,0.0,0.0,189.6765445904389,72.33574756094117,True
DetR-large-scale.coco-segmentation/South Cleardale,18,5.590019186217089,269,0.0,0.0,0.0,0.0,140.73155737704917,71.12815568439855,True
DetR-large-scale.coco-segmentation/South Cleardale,19,4.207337491880478,613,0.0,0.0,0.0,0.0,125.16245984396512,82.54474865931367,True
DetR-large-scale.coco-segmentation/South Cleardale,20,7.382765606990154,562,0.0,0.0,0.0,0.0,126.60820772362196,81.03706579284696,True
DetR-large-scale.coco-segmentation/South Cleardale,21,2.614188927552149,1602,0.0,0.0,0.0,0.0,110.92994785762866,85.58410446823915,True
DetR-large-scale.coco-segmentation/South Cleardale,22,5.944814634583279,371,0.0,0.0,0.0,0.0,188.15971088831895,74.11050459680325,False
DetR-large-scale.coco-segmentation/South Cleardale,23,4.811545810544847,334,0.0,0.0,0.0,0.0,150.62825059101655,59.064171384892994,False
UNISEM-ZN1461.coco-segmentation/Lake Marshwood,0,4.970273600707692,232,0.0,0.0,0.0,0.0,85.73055332798717,73.67198735519925,True
UNISEM-ZN1461.coco-segmentation/Lake Marshwood,1,5.1948503427322335,167,0.0,0.0,0.0,0.0,214.01056729699667,55.475108404713005,True
UNISEM-ZN1461.coco-segmentation/Lake Marshwood,2,4.994241018025334,329,0.0,0.0,0.0,0.0,191.03367289190717,64.99193932198396,False
UNISEM-ZN1461.coco-segmentation/Lake Marshwood,3,4.976563227305914,330,0.0,0.0,0.0,0.0,195.94537011745425,61.155921453028974,False
UNISEM-ZN1461.coco-segmentation/Lake Marshwood,4,5.3445646956475965,312,0.0,0.0,0.0,0.0,201.68645889306825,58.04595054267839,False
UNISEM-ZN1461.coco-segmentation/Lake Marshwood,5,5.110385456066729,308,0.0,0.0,0.0,0.0,197.00087108013938,61.92625385714015,True
UNISEM-ZN1461.coco-segmentation/Lake Marshwood,6,5.205237533462294,476,0.0,0.0,0.0,0.0,161.88092855713427,73.34888455742043,False
UNISEM-ZN1461.coco-segmentation/Lake Marshwood,7,4.262156163076343,1685,0.0,0.0,0.0,0.0,74.57026836158192,75.26933594962225,True
UNISEM-ZN1461.coco-segmentation/Lake Marshwood,8,5.226150094076455,407,0.0,0.0,0.0,0.0,127.25995846705682,75.4587168039659,False
UNISEM-ZN1461.coco-segmentation/Lake Marshwood,9,5.70534806126167,435,0.0,0.0,0.0,0.0,153.52375077112893,79.42770249260869,True
UNISEM-ZN1461.coco-segmentation/Lake Marshwood,10,6.237277498481952,543,0.0,0.0,0.0,0.0,162.28561752088507,77.27313964793338,False
UNISEM-ZN1461.coco-segmentation/Lake Marshwood,11,6.08421963374081,617,0.0,0.0,0.0,0.0,162.67263513513512,67.20673308445286,False
UNISEM-ZN1461.coco-segmentation/Lake Marshwood,12,5.414145768702157,465,0.0,0.0,0.0,0.0,159.04014049172102,71.73487541595065,False
UNISEM-ZN1461.coco-segmentation/Lake Marshwood,13,4.508622089736564,383,0.0,0.0,0.0,0.0,157.79541696196551,63.55273304440149,False
UNISEM-ZN1461.coco-segmentation/Lake Marshwood,14,5.772952292656962,293,0.0,0.0,0.0,0.0,139.35531215772178,68.25165675071925,False
UNISEM-ZN1461.coco-segmentation/Lake Marshwood,15,5.136230689629799,279,0.0,0.0,0.0,0.0,142.17120836774015,71.04457048909494,False
UNISEM-ZN1461.coco-segmentation/Lake Marshwood,16,5.3021574870659895,277,0.0,0.0,0.0,0.0,136.13091579594345,74.99964398577852,True
UNISEM-ZN1461.coco-segmentation/Lake Marshwood,17,6.137358145643342,271,0.0,0.0,0.0,0.0,124.00340328984686,77.6051277886494,False
UNISEM-ZN1461.coco-segmentation/Lake Marshwood,18,5.355260031026372,279,0.0,0.0,0.0,0.0,135.7543808411215,74.81616182858824,False
UNISEM-ZN1461.coco-segmentation/Lake Marshwood,19,7.652170826365116,334,0.0,0.0,0.0,0.0,130.4809183064997,87.78846356302175,True
UNISEM-ZN1461.coco-segmentation/Lake Marshwood,20,3.5868303056507838,802,0.0,0.0,0.0,0.0,119.59246119733925,94.14546733270583,True
UNISEM-ZN1461.coco-segmentation/Lake Marshwood,21,2.081169988523712,840,0.0,0.0,0.0,0.0,172.28993630573248,86.19377968672589,True
UNISEM-ZN1461.coco-segmentation/Lake Marshwood,22,5.149540486386381,282,0.0,0.0,0.0,0.0,152.53452768729642,75.92428046970262,False
UNISEM-ZN1461.coco-segmentation/Lake Marshwood,23,66.07464175821947,686,0.0,0.0,0.0,0.0,39.728002808618946,39.971878780324275,True
DetR-large-scale.coco-segmentation/Marsh Valley,0,4.641562008426081,384,29.729109776078644,41.337329242287446,69.5210267613326,49.4794306570759,176.25696340797379,58.56950106316296,True
DetR-large-scale.coco-segmentation/Marsh Valley,1,4.651736613027604,273,44.787050898203596,55.78893149389888,67.13211077844312,47.3907756383507,175.4498502994012,60.93900725125089,True
DetR-large-scale.coco-segmentation/Marsh Valley,2,4.38600819364871,287,20.63791763791764,16.761090788738567,116.73154623154623,31.817769163106092,182.14491064491065,53.26586987629963,False
DetR-large-scale.coco-segmentation/Marsh Valley,3,4.4708732656550305,345,20.847444298820445,16.156274928016348,111.25347313237222,26.431284788888885,175.63617300131062,47.09703045160409,False
DetR-large-scale.coco-segmentation/Marsh Valley,4,7.431436006270486,445,30.7901626842908,41.131070267576916,79.04346720894763,52.41149017889651,187.03279105236402,59.32263334627274,True
DetR-large-scale.coco-segmentation/Marsh Valley,5,5.049492897089064,561,23.233120224543896,26.891307940220035,108.03757991579604,31.257540348959264,176.6839232808358,53.50770147395973,False
DetR-large-scale.coco-segmentation/Marsh Valley,6,4.980361743826648,605,22.262905655210186,23.160949457679518,92.11844447487334,48.395836561756916,193.79022319594688,52.451549889840145,True
DetR-large-scale.coco-segmentation/Marsh Valley,7,4.421999902587452,436,21.429750223015166,18.657680073314705,110.20539696699376,28.80821039283382,174.71320249776986,51.78470746648056,True
DetR-large-scale.coco-segmentation/Marsh Valley,8,4.747137307471991,372,20.89371740749938,14.499330032991683,115.1934442513037,23.131018774206915,182.37621057859448,52.21846489252786,False
DetR-large-scale.coco-segmentation/Marsh Valley,9,8.020414497647689,407,24.823882224645583,29.369163625481125,82.54811886586695,47.546276909275726,191.00886041439477,52.911883839853516,True
DetR-large-scale.coco-segmentation/Marsh Valley,10,5.752077666910339,336,39.25200097016735,54.87798113748288,49.79553723017221,43.757247798209235,176.90249818093622,59.57033236235158,True
DetR-large-scale.coco-segmentation/Marsh Valley,11,5.027450676262829,355,20.98296296296296,16.88194173230524,107.25111111111111,30.762810721011665,176.64197530864197,52.802690878395495,False
DetR-large-scale.coco-segmentation/Marsh Valley,12,5.063430330329288,391,47.337659380692166,55.36803970149847,61.00478142076503,44.99653624493197,157.0403005464481,61.69056520151481,True
DetR-large-scale.coco-segmentation/Marsh Valley,13,5.665827185510946,369,21.09945641232132,19.066712738043073,102.1725387557882,32.11722016837898,174.20918059190657,50.84033055622315,False
DetR-large-scale.coco-segmentation/Marsh Valley,14,5.071510458855241,368,53.65464762350737,61.66331724240555,53.28798876141419,34.438751069598574,151.42542730039804,56.828371659524066,True
DetR-large-scale.coco-segmentation/Marsh Valley,15,7.119050474741305,433,22.81931735657226,30.96924993690596,92.27015250544662,53.52059650956134,189.00246913580247,57.24043362469544,True
DetR-large-scale.coco-segmentation/Marsh Valley,16,4.9019203632029855,302,23.938727645851657,28.664018787520003,115.6426267956611,34.77980051991662,173.14423922603342,54.72867708670957,False
DetR-large-scale.coco-segmentation/Marsh Valley,17,5.22812469775556,308,24.86913113869401,30.13395855738908,111.74365893146249,35.95290766186968,173.7266594711279,54.31280477529366,False
DetR-large-scale.coco-segmentation/Marsh Valley,18,5.100255339946979,270,26.288276745675848,33.45786526207589,108.07174887892377,33.299660204201565,169.53042921204357,55.97718376490652,False
DetR-large-scale.coco-segmentation/Marsh Valley,19,4.545315092499204,277,24.834026465028355,28.55803719975365,110.83931947069944,33.582022774114606,168.17013232514176,53.64339805773845,False
DetR-large-scale.coco-segmentation/Marsh Valley,20,5.155506806754673,283,27.157119476268413,35.512735239723156,108.2759410801964,37.119007891698274,165.89459901800328,57.324630630166645,False
DetR-large-scale.coco-segmentation/Marsh Valley,21,4.649541302881317,275,26.184363636363635,32.85352355607518,109.81454545454545,33.21238223741708,164.44763636363638,56.22004805675758,False
DetR-large-scale.coco-segmentation/Marsh Valley,22,3.723986309575625,282,24.684356435643565,27.17680601141099,108.9920792079208,27.25903495661582,174.79207920792078,51.71485353237418,False
DetR-large-scale.coco-segmentation/River Oakcrest,0,5.015507671441024,375,25.276021080368906,24.696595637427578,149.36341677646024,70.42773442538288,4.057092665788318,1.3619424039755954,True
DetR-large-scale.coco-segmentation/River Oakcrest,1,5.293801307751856,550,24.06344005956813,24.86770049387875,144.0933730454207,72.17540318064724,3.843931496649293,1.3228300743416719,True
DetR-large-scale.coco-segmentation/River Oakcrest,2,5.434855574497783,274,27.572722429408632,34.39283328002182,133.68646776771445,74.44720085125967,4.137986148108684,1.3346059077309578,True
DetR-large-scale.coco-segmentation/River Oakcrest,3,5.187075971947659,438,23.140630938806538,26.100498447620325,138.51881413911062,76.04321177145582,4.005511212466742,1.3926041395181104,True
DetR-large-scale.coco-segmentation/River Oakcrest,4,5.55470581937591,402,23.12353269983231,27.593569653714567,140.84255636295882,84.65392668930234,3.7225638159120553,1.4009697140634219,True
DetR-large-scale.coco-segmentation/River Oakcrest,5,5.741029943585163,351,22.832334091378954,29.874560375827766,127.64420095100269,87.19988452658997,3.677899524498656,1.5423299834308244,True
DetR-large-scale.coco-segmentation/River Oakcrest,6,4.99009244209008,289,22.799451386772326,24.664132393072045,144.7482474855227,77.59619695122447,3.8338921060652242,1.4264953972944139,True
DetR-large-scale.coco-segmentation/River Oakcrest,7,5.492097055992888,284,27.589112797696938,33.94541590095672,142.3014917560848,76.8344639803119,4.003925673907354,1.5388998673059229,True
DetR-large-scale.coco-segmentation/River Oakcrest,8,5.063970531719782,337,25.532879818594104,28.612210573435824,149.80448475686572,71.20462296871416,4.081380700428319,1.4003125693762266,True
DetR-large-scale.coco-segmentation/River Oakcrest,9,5.53562441483612,366,26.095832451872223,30.407143407304204,144.67928918976094,80.32863507724049,3.7622170509837107,1.4585980765487516,True
DetR-large-scale.coco-segmentation/River Oakcrest,10,5.455195788842952,359,24.631195022527354,27.128548960193772,143.3383394121433,76.28955365119424,3.9809053851104914,1.4614623685628534,True
DetR-large-scale.coco-segmentation/River Oakcrest,11,4.95641374797133,321,22.081891299049477,17.55059872494596,140.11479405313185,73.4672427829268,3.91786497684621,1.4334978327025636,True
DetR-large-scale.coco-segmentation/River Oakcrest,12,5.318809260980082,304,29.913705583756347,38.17974673682289,149.03045685279187,69.52637431992568,4.1655386350817825,1.5315656717868054,True
DetR-large-scale.coco-segmentation/River Oakcrest,13,5.2660108279433855,295,24.965390070921988,28.629785499644353,152.55574468085106,76.15776141029232,3.898723404255319,1.5129553302382106,True
DetR-large-scale.coco-segmentation/River Oakcrest,14,5.043758442950456,300,25.301711633304322,29.84787957728391,151.07252683492894,73.56330320784026,4.153466782709603,1.4959393903793712,True
DetR-large-scale.coco-segmentation/River Oakcrest,15,4.457802196164292,267,25.62490650710546,27.30009124087582,156.9184741959611,70.38423296150337,4.06544502617801,1.3820555188377586,True
DetR-large-scale.coco-segmentation/River Oakcrest,16,4.587893024969672,269,20.940875049270794,20.585182926379144,148.99369333858888,78.67720409034597,4.040599132834056,1.4692778532525332,True
DetR-large-scale.coco-segmentation/River Oakcrest,17,4.3427142199277675,269,23.918375394321767,21.29361458198994,150.375,66.32111198935624,4.304416403785489,1.4914306398293444,True
DetR-large-scale.coco-segmentation/River Oakcrest,18,4.684639478048056,273,26.098783634353115,28.640285461919046,151.69701437523037,71.59685365249227,4.108735716918541,1.46804304213978,True
DetR-large-scale.coco-segmentation/River Oakcrest,19,3.5795691568721044,265,24.944444444444443,26.299987176885963,140.69015356820236,69.92312027202615,3.908762420957543,1.385101069403657,True
DetR-large-scale.coco-segmentation/River Oakcrest,20,3.8055297174213547,335,24.74255806346091,23.9112577605715,137.14622178606476,66.14981271995948,4.252862283284266,1.3615998036115635,True
DetR-large-scale.coco-segmentation/River Oakcrest,21,4.8690868323008205,267,24.22716049382716,28.8991050839512,136.3925925925926,75.0509058149789,4.165784832451499,1.4817027633514708,True
DetR-large-scale.coco-segmentation/River Oakcrest,22,4.463619803464643,330,22.413727959697734,21.45709474317718,149.34068010075566,63.34641322167592,4.455919395465995,1.3211881049329273,True
DetR-large-scale.coco-segmentation/River Oakcrest,23,5.001989228097184,268,24.03693079956974,26.2030381787755,144.46360702760848,75.50847726210273,4.182144137683758,1.545934742033062,True
DOS-semicon.coco-segmentation/Saint Valleyville,0,6.2997102138761445,280,0.0,0.0,0.0,0.0,132.10698404394455,33.76158986059834,True
DOS-semicon.coco-segmentation/Saint Valleyville,1,6.746556124042753,340,0.0,0.0,0.0,0.0,142.2402141802068,35.474257006259485,True
DOS-semicon.coco-segmentation/Saint Valleyville,2,6.544786926643923,358,0.0,0.0,0.0,0.0,136.92747035573123,44.75566601712539,True
DOS-semicon.coco-segmentation/Saint Valleyville,3,6.6372326142236915,294,0.0,0.0,0.0,0.0,148.0958803334968,40.756190570704796,True
DOS-semicon.coco-segmentation/Saint Valleyville,4,7.031562087583535,348,0.0,0.0,0.0,0.0,135.09879474068663,42.65169197523266,True
DOS-semicon.coco-segmentation/Saint Valleyville,5,7.33389254276796,296,0.0,0.0,0.0,0.0,146.0996076721883,40.1701738631824,True
DOS-semicon.coco-segmentation/Saint Valleyville,6,7.371449072874516,298,0.0,0.0,0.0,0.0,147.95888335858038,41.64394004468061,True
DOS-semicon.coco-segmentation/Saint Valleyville,7,7.537036568117497,379,0.0,0.0,0.0,0.0,138.53678614302865,46.232050351908875,True
UNISEM-ZN1461.coco-segmentation/Grand Clearboro,0,4.924687118942249,156,0.0,0.0,0.0,0.0,220.92316855270994,49.92890173591519,False
UNISEM-ZN1461.coco-segmentation/Grand Clearboro,1,1.961794561340022,2040,0.0,0.0,0.0,0.0,110.05821503246396,88.73324690206454,True
UNISEM-ZN1461.coco-segmentation/Grand Clearboro,2,4.7290754086551186,316,0.0,0.0,0.0,0.0,198.99818291944277,51.27209157080761,False
UNISEM-ZN1461.coco-segmentation/Grand Clearboro,3,4.608518299029201,321,0.0,0.0,0.0,0.0,193.9633407714377,55.16147445461011,False
UNISEM-ZN1461.coco-segmentation/Grand Clearboro,4,4.84596106650247,467,0.0,0.0,0.0,0.0,174.93069092484296,67.80181055577104,False
UNISEM-ZN1461.coco-segmentation/Grand Clearboro,5,4.878339849541439,357,0.0,0.0,0.0,0.0,188.65388983532085,62.853802885046065,False
UNISEM-ZN1461.coco-segmentation/Grand Clearboro,6,6.804605434722643,564,0.0,0.0,0.0,0.0,122.61200450681143,78.32703149524363,True
UNISEM-ZN1461.coco-segmentation/Grand Clearboro,7,6.915273443033795,672,0.0,0.0,0.0,0.0,120.10421585160202,80.87754843325793,True
UNISEM-ZN1461.coco-segmentation/Grand Clearboro,8,7.533336663321634,410,0.0,0.0,0.0,0.0,85.03226288274831,66.0090416682387,True
UNISEM-ZN1461.coco-segmentation/Grand Clearboro,9,5.21700169237472,259,0.0,0.0,0.0,0.0,151.30189816209702,65.44867626683002,False
UNISEM-ZN1461.coco-segmentation/Grand Clearboro,10,5.134006579860491,267,0.0,0.0,0.0,0.0,171.37816455696202,64.96521730835885,False
UNISEM-ZN1461.coco-segmentation/Grand Clearboro,11,3.611245779419743,2182,0.0,0.0,0.0,0.0,78.44181235129822,78.65420338081186,True
UNISEM-ZN1461.coco-segmentation/Grand Clearboro,12,5.211045867825521,316,0.0,0.0,0.0,0.0,132.71906879414072,84.62648662829594,True
UNISEM-ZN1461.coco-segmentation/Grand Clearboro,13,6.18145481859607,553,0.0,0.0,0.0,0.0,156.95858391013275,70.19297764967139,True
UNISEM-ZN1461.coco-segmentation/Grand Clearboro,14,2.5225774064455124,789,0.0,0.0,0.0,0.0,134.6316688006829,84.45786067944438,True
UNISEM-ZN1461.coco-segmentation/Grand Clearboro,15,6.980967466541875,597,0.0,0.0,0.0,0.0,154.10383545310015,74.35458413862332,False
UNISEM-ZN1461.coco-segmentation/Grand Clearboro,16,8.53744768492891,681,0.0,0.0,0.0,0.0,91.04617262674135,79.08220812570013,True
UNISEM-ZN1461.coco-segmentation/Grand Clearboro,17,7.339841857096315,484,0.0,0.0,0.0,0.0,105.22324259319996,79.57839197891052,True
UNISEM-ZN1461.coco-segmentation/Grand Clearboro,18,5.491799502910224,307,0.0,0.0,0.0,0.0,148.5084824541018,71.11091100559824,True
UNISEM-ZN1461.coco-segmentation/Grand Clearboro,19,6.548038537261889,366,0.0,0.0,0.0,0.0,105.04924874791318,76.50390943519166,True
UNISEM-ZN1461.coco-segmentation/Grand Clearboro,20,4.924267598862398,269,0.0,0.0,0.0,0.0,129.9452804377565,72.24368637150094,False
UNISEM-ZN1461.coco-segmentation/Grand Clearboro,21,5.2750979733418255,276,0.0,0.0,0.0,0.0,158.7460209955977,78.61794587795664,False
UNISEM-ZN1461.coco-segmentation/Grand Clearboro,22,3.827254750939111,816,0.0,0.0,0.0,0.0,74.81387298628678,68.24165847044463,True
UNISEM-ZN1461.coco-segmentation/Grand Clearboro,23,5.285327178550358,404,0.0,0.0,0.0,0.0,184.91460817717206,69.23924457507378,False
UNISEM-ZN1461.coco-segmentation/Grand Clearboro,24,5.713009766499143,76,0.0,0.0,0.0,0.0,203.54697986577182,56.13328584244284,False
UNISEM-ZN1461.coco-segmentation/Grand Clearboro,25,5.7456977228704345,87,0.0,0.0,0.0,0.0,202.1405109489051,53.449242254209274,False
fariq-generalize-dos.coco-segmentation/South Rockford,0,6.20264902245541,277,0.0,0.0,0.0,0.0,113.63011777902412,34.06412878234365,False
fariq-generalize-dos.coco-segmentation/South Rockford,1,6.778782862122796,363,0.0,0.0,0.0,0.0,136.02411399342347,64.86428993153073,True
fariq-generalize-dos.coco-segmentation/South Rockford,2,4.830399974910247,869,0.0,0.0,0.0,0.0,164.0233962264151,69.48565437705028,True
fariq-generalize-dos.coco-segmentation/South Rockford,3,6.787685620110928,266,0.0,0.0,0.0,0.0,119.23879142300196,36.85774238322356,False
fariq-generalize-dos.coco-segmentation/South Rockford,4,6.202084015644817,304,0.0,0.0,0.0,0.0,115.82377218324392,32.385955024367924,False
fariq-generalize-dos.coco-segmentation/South Rockford,5,7.102178850157594,299,0.0,0.0,0.0,0.0,126.31641589939366,40.788779015794475,False
fariq-generalize-dos.coco-segmentation/South Rockford,6,7.2054213494026325,290,0.0,0.0,0.0,0.0,124.95921081800044,39.31981679303846,False
fariq-generalize-dos.coco-segmentation/South Rockford,7,7.498957767759787,364,0.0,0.0,0.0,0.0,120.50492313007427,42.60091533651837,False
fariq-generalize-dos.coco-segmentation/New Goldshire,0,4.118791005575196,155,34.603372434017594,12.788271996253021,36.761730205278596,15.165740308927443,183.3841642228739,40.09236675971273,False
fariq-generalize-dos.coco-segmentation/New Goldshire,1,6.0433348188108935,235,31.97278716700086,9.491940750428407,37.575479805213405,17.66322058746462,198.72500716127183,39.501005309663,True
fariq-generalize-dos.coco-segmentation/New Goldshire,2,5.854653258266541,227,33.84409864944216,15.867313669785977,39.88314738696418,18.18809122899705,184.47739283617148,37.609459583474546,True
fariq-generalize-dos.coco-segmentation/New Goldshire,3,5.959928145672682,245,31.55449705799944,5.864388118368642,41.01625105071449,12.260608279910254,155.04679181843653,32.68814405947156,False
fariq-generalize-dos.coco-segmentation/New Goldshire,4,4.817473845077182,416,31.820422535211268,14.572906385676447,34.85761443661972,16.963590337130544,181.9425616197183,44.04029447108723,True
fariq-generalize-dos.coco-segmentation/New Goldshire,5,5.848072024646288,248,30.959281100814376,8.217642812913134,40.59028362819433,13.585917265307266,175.59196854816062,39.52270036966228,False
fariq-generalize-dos.coco-segmentation/New Goldshire,6,6.413047493255774,250,29.999202763752326,9.265318816350204,41.01753919744884,15.272116242478507,177.77066170608558,41.58306103373725,False
fariq-generalize-dos.coco-segmentation/New Goldshire,7,5.585930933698327,271,30.33026433026433,10.079587450849008,42.287199287199286,15.353794950790997,175.77487377487378,40.37377839979093,False
fariq-generalize-dos.coco-segmentation/New Goldshire,8,6.288033808599848,200,32.65280289330922,12.356996697006473,39.80144665461121,16.07356499280967,177.40867992766727,42.15765721777058,False
fariq-generalize-dos.coco-segmentation/New Goldshire,9,6.286113723947149,200,31.912564543889847,8.857405303310205,38.79896729776248,15.975288542877417,181.95318416523236,41.64131584392995,True
fariq-generalize-dos.coco-segmentation/New Goldshire,10,8.043268619525294,315,28.83692628650904,13.114711590169057,44.612482614742696,19.603117140526894,190.9654033379694,39.604635347903134,True
fariq-generalize-dos.coco-segmentation/New Goldshire,11,5.423880066746802,262,31.431838975297346,11.755962662871388,41.23513266239707,15.077897890399663,179.40744129307717,39.385783069917935,False
fariq-generalize-dos.coco-segmentation/New Goldshire,12,6.109354144074264,185,33.51381413706495,15.5334311756574,35.65446716899892,15.425786219022083,180.02798708288483,40.73812072798187,False
fariq-generalize-dos.coco-segmentation/New Goldshire,13,5.361593991808137,252,31.62596839169507,12.616651775703795,40.47195537651069,14.214046265470305,172.12860241710567,33.76076366595719,False
fariq-generalize-dos.coco-segmentation/New Goldshire,14,7.626769732075071,254,30.52943581357318,8.872020491221653,41.271259198691745,16.57991277336004,189.60302534750613,39.61928147093627,True
fariq-generalize-dos.coco-segmentation/New Goldshire,15,5.536844869880528,249,33.56320474777448,6.329972913736848,37.782789317507415,11.042445781479687,161.4706231454006,32.5971799388808,True
fariq-generalize-dos.coco-segmentation/New Goldshire,16,7.002454336113665,182,30.516200062912866,12.315143544480414,37.308273041837055,18.901908114299847,189.7433155080214,42.812452824456926,True
fariq-generalize-dos.coco-segmentation/New Goldshire,17,4.280821122898783,157,34.0379113018598,9.803396053312987,35.085121602288986,14.36393090724979,183.95708154506437,40.67071286268203,False
fariq-generalize-dos.coco-segmentation/New Goldshire,18,5.995358304199523,222,32.12495575221239,9.275200365070363,37.7246017699115,14.797963746276144,179.65238938053096,41.52744117324176,False
fariq-generalize-dos.coco-segmentation/New Goldshire,19,8.991056710955867,282,30.491519674355494,14.442122218108196,41.83853459972863,18.21619508537825,188.6628222523745,39.56601771180476,True
fariq-generalize-dos.coco-segmentation/New Goldshire,20,4.6390657460148566,155,33.125,8.796161890576798,36.61976439790576,14.179756677070714,182.41557591623035,41.15133853412299,False
fariq-generalize-dos.coco-segmentation/New Goldshire,21,4.327735091327198,166,33.68886198547216,10.272912590277867,37.4769975786925,13.607035236767002,180.84624697336562,40.27408327616675,False
UNISEM-ZN1461.coco-segmentation/Glen Pine,0,5.404677107375679,216,0.0,0.0,0.0,0.0,193.9161969184517,70.95647689178703,False
UNISEM-ZN1461.coco-segmentation/Glen Pine,1,4.95547615778868,165,0.0,0.0,0.0,0.0,211.85586124401914,57.75477290576956,False
UNISEM-ZN1461.coco-segmentation/Glen Pine,2,5.400191513696374,255,0.0,0.0,0.0,0.0,129.32147519582244,83.72114355550545,True
UNISEM-ZN1461.coco-segmentation/Glen Pine,3,5.729036264687707,255,0.0,0.0,0.0,0.0,216.2786367939413,58.34947910212848,True
UNISEM-ZN1461.coco-segmentation/Glen Pine,4,5.504084077642719,304,0.0,0.0,0.0,0.0,134.79205298013244,77.74120722681947,True
UNISEM-ZN1461.coco-segmentation/Glen Pine,5,5.121703733160308,314,0.0,0.0,0.0,0.0,147.20666273584905,48.79260997482222,False
UNISEM-ZN1461.coco-segmentation/Glen Pine,6,5.241451860544447,475,0.0,0.0,0.0,0.0,137.5087929656275,77.89835171595001,False
UNISEM-ZN1461.coco-segmentation/Glen Pine,7,5.126149303413814,369,0.0,0.0,0.0,0.0,113.77992868059093,80.73805285239,True
UNISEM-ZN1461.coco-segmentation/Glen Pine,8,4.271785209336301,408,0.0,0.0,0.0,0.0,95.06210045662101,59.67164932004463,False
UNISEM-ZN1461.coco-segmentation/Glen Pine,9,3.7978638984444437,2194,0.0,0.0,0.0,0.0,71.49089235539192,71.05285924361725,True
UNISEM-ZN1461.coco-segmentation/Glen Pine,10,6.714734423492753,544,0.0,0.0,0.0,0.0,183.49424572317264,74.47378135243844,False
UNISEM-ZN1461.coco-segmentation/Glen Pine,11,5.812577214557446,617,0.0,0.0,0.0,0.0,199.40140259122785,60.75345247646806,False
UNISEM-ZN1461.coco-segmentation/Glen Pine,12,5.934203819664132,501,0.0,0.0,0.0,0.0,88.26209553158705,72.02055773058456,True
UNISEM-ZN1461.coco-segmentation/Glen Pine,13,5.474993880254968,426,0.0,0.0,0.0,0.0,75.40062475595471,57.86841622043189,True
UNISEM-ZN1461.coco-segmentation/Glen Pine,14,5.852970459566402,313,0.0,0.0,0.0,0.0,154.38700625944313,64.1486124926713,False
UNISEM-ZN1461.coco-segmentation/Glen Pine,15,5.624147826174287,267,0.0,0.0,0.0,0.0,157.8236368379859,77.23792492233994,False
UNISEM-ZN1461.coco-segmentation/Glen Pine,16,5.581139051881784,271,0.0,0.0,0.0,0.0,108.40899357601712,73.47203240630259,False
UNISEM-ZN1461.coco-segmentation/Glen Pine,17,5.705950192369354,266,0.0,0.0,0.0,0.0,159.84768,79.48071362675098,True
UNISEM-ZN1461.coco-segmentation/Glen Pine,18,6.057951276838112,267,0.0,0.0,0.0,0.0,172.64913217623499,86.29710680804506,False
UNISEM-ZN1461.coco-segmentation/Glen Pine,19,5.517869983085266,261,0.0,0.0,0.0,0.0,168.44539955428206,80.14994679967633,True
UNISEM-ZN1461.coco-segmentation/Glen Pine,20,5.990931956899463,240,0.0,0.0,0.0,0.0,170.37420777073575,79.30031902090036,False
UNISEM-ZN1461.coco-segmentation/Glen Pine,21,5.627925942438009,275,0.0,0.0,0.0,0.0,190.83131836499712,74.99607196115879,False
UNISEM-ZN1461.coco-segmentation/Glen Pine,22,5.608625415723643,281,0.0,0.0,0.0,0.0,93.03178023161864,75.13235695170499,True
UNISEM-ZN1461.coco-segmentation/Glen Pine,23,5.699704207482022,226,0.0,0.0,0.0,0.0,194.47614178595774,75.46369683398598,False
DOS-semicon.coco-segmentation/Fort Springshire,0,6.404416595619526,478,0.0,0.0,0.0,0.0,19.0,0.0,True
DOS-semicon.coco-segmentation/Fort Springshire,1,7.749321894018486,421,0.0,0.0,0.0,0.0,19.0,0.0,True
DOS-semicon.coco-segmentation/Fort Springshire,2,6.993475280894177,242,0.0,0.0,0.0,0.0,19.0,0.0,True
DOS-semicon.coco-segmentation/Fort Springshire,3,6.328111214328668,268,0.0,0.0,0.0,0.0,19.0,0.0,True
DOS-semicon.coco-segmentation/Fort Springshire,4,6.6952375378488185,231,0.0,0.0,0.0,0.0,19.0,0.0,True
DOS-semicon.coco-segmentation/Fort Springshire,5,5.946038805241769,254,0.0,0.0,0.0,0.0,19.0,0.0,True
DOS-semicon.coco-segmentation/Fort Springshire,6,6.41219550177591,243,0.0,0.0,0.0,0.0,19.0,0.0,True
DOS-semicon.coco-segmentation/Fort Springshire,7,5.597681973966618,293,0.0,0.0,0.0,0.0,19.0,0.0,True
DOS-semicon.coco-segmentation/Fort Springshire,8,5.8058067900266,387,0.0,0.0,0.0,0.0,19.0,0.0,True
DOS-semicon.coco-segmentation/Fort Springshire,9,5.280929074170492,492,0.0,0.0,0.0,0.0,19.0,0.0,True
DOS-semicon.coco-segmentation/Fort Springshire,10,5.8321233340539615,567,0.0,0.0,0.0,0.0,19.0,0.0,True
DOS-semicon.coco-segmentation/Fort Springshire,11,6.104685027579523,391,0.0,0.0,0.0,0.0,19.0,0.0,True
DOS-semicon.coco-segmentation/Fort Springshire,12,7.263806599034954,203,0.0,0.0,0.0,0.0,19.0,0.0,True
DOS-semicon.coco-segmentation/Fort Springshire,13,7.541860212397806,187,0.0,0.0,0.0,0.0,19.0,0.0,True
DOS-semicon.coco-segmentation/Fort Springshire,14,6.8896297701572795,332,0.0,0.0,0.0,0.0,19.0,0.0,True
DOS-semicon.coco-segmentation/Fort Springshire,15,7.001093470947554,295,0.0,0.0,0.0,0.0,19.0,0.0,True
DOS-semicon.coco-segmentation/Fort Springshire,16,7.19199883914678,247,0.0,0.0,0.0,0.0,19.0,0.0,True
DOS-semicon.coco-segmentation/Fort Springshire,17,6.781768090718273,226,0.0,0.0,0.0,0.0,19.0,0.0,True
DOS-semicon.coco-segmentation/Fort Springshire,18,6.533302424020909,272,0.0,0.0,0.0,0.0,19.0,0.0,True
DOS-semicon.coco-segmentation/Fort Springshire,19,7.204678719349945,217,0.0,0.0,0.0,0.0,19.0,0.0,True
DOS-semicon.coco-segmentation/Fort Springshire,20,6.834180488730232,277,0.0,0.0,0.0,0.0,19.0,0.0,True
DOS-semicon.coco-segmentation/Fort Springshire,21,5.82403171882655,230,0.0,0.0,0.0,0.0,19.0,0.0,True
fariq-generalize-dos.coco-segmentation/Mount Brookford,0,5.533293720219124,283,0.0,0.0,0.0,0.0,129.00688924218335,62.78094633994102,False
fariq-generalize-dos.coco-segmentation/Mount Brookford,1,6.016926214534548,149,0.0,0.0,0.0,0.0,128.32648221343874,68.94145515873474,True
fariq-generalize-dos.coco-segmentation/Mount Brookford,2,7.862331966078535,245,0.0,0.0,0.0,0.0,128.27724781814493,74.66844008474085,True
fariq-generalize-dos.coco-segmentation/Mount Brookford,3,6.467785221891456,174,0.0,0.0,0.0,0.0,149.81619256017507,77.74653216641178,True
fariq-generalize-dos.coco-segmentation/Mount Brookford,4,5.901559203851224,351,0.0,0.0,0.0,0.0,127.07716113059624,67.61116688008089,True
fariq-generalize-dos.coco-segmentation/Mount Brookford,5,6.1022428164013816,489,0.0,0.0,0.0,0.0,150.1004761904762,71.66513996000795,False
fariq-generalize-dos.coco-segmentation/Mount Brookford,6,5.375855479293188,396,0.0,0.0,0.0,0.0,184.80166666666668,80.28446483298322,True
fariq-generalize-dos.coco-segmentation/Mount Brookford,7,5.4223376151284075,346,0.0,0.0,0.0,0.0,144.47826086956522,72.3277224239076,True
fariq-generalize-dos.coco-segmentation/Mount Brookford,8,7.321955624963987,328,0.0,0.0,0.0,0.0,139.43232731798383,78.80124103352081,True
fariq-generalize-dos.coco-segmentation/Mount Brookford,9,5.80715622430601,190,0.0,0.0,0.0,0.0,142.9592866756393,70.68776736805599,False
fariq-generalize-dos.coco-segmentation/Mount Brookford,10,5.968418532126355,235,0.0,0.0,0.0,0.0,133.5718794835007,73.84218163667379,False
fariq-generalize-dos.coco-segmentation/Mount Brookford,11,5.729275685983572,203,0.0,0.0,0.0,0.0,131.8317788141239,70.95860718389319,False
fariq-generalize-dos.coco-segmentation/Mount Brookford,12,5.561813662159964,233,0.0,0.0,0.0,0.0,131.24334365325078,73.45928872277418,False
fariq-generalize-dos.coco-segmentation/Mount Brookford,13,5.849266490348528,190,0.0,0.0,0.0,0.0,133.77360974004606,70.26334669381366,True
fariq-generalize-dos.coco-segmentation/Mount Brookford,14,6.0687570207997785,216,0.0,0.0,0.0,0.0,142.34947299077734,74.54247405203746,True
fariq-generalize-dos.coco-segmentation/Mount Brookford,15,5.797585070321661,239,0.0,0.0,0.0,0.0,135.1635500148412,75.02553811555497,True
fariq-generalize-dos.coco-segmentation/Mount Brookford,16,5.967716460234519,177,0.0,0.0,0.0,0.0,132.52,70.27578197504023,False
fariq-generalize-dos.coco-segmentation/Mount Brookford,17,3.22732361882736,544,0.0,0.0,0.0,0.0,131.08594746238205,71.73266422974164,True
fariq-generalize-dos.coco-segmentation/Mount Brookford,18,6.07382263359393,188,0.0,0.0,0.0,0.0,143.40252454417953,70.42489235683928,True
fariq-generalize-dos.coco-segmentation/Mount Brookford,19,5.979093708284295,259,0.0,0.0,0.0,0.0,145.18977154724817,71.71358725758847,False
fariq-generalize-dos.coco-segmentation/Mount Brookford,20,5.759093726441731,331,0.0,0.0,0.0,0.0,154.30275032230338,74.21975237515353,False
fariq-generalize-dos.coco-segmentation/Mount Brookford,21,5.835634887690918,406,0.0,0.0,0.0,0.0,163.3749107780157,70.67559585005829,False
DetR-large-scale.coco-segmentation/New Ridgeport,0,4.944632958085008,433,0.0,0.0,0.0,0.0,192.4141876430206,72.45512825927344,True
DetR-large-scale.coco-segmentation/New Ridgeport,1,5.090980158950328,428,0.0,0.0,0.0,0.0,166.44187540141297,48.104521114476015,True
DetR-large-scale.coco-segmentation/New Ridgeport,2,4.807390217239357,429,0.0,0.0,0.0,0.0,164.98882069267864,49.82785013669484,False
DetR-large-scale.coco-segmentation/New Ridgeport,3,4.9475236455627405,407,0.0,0.0,0.0,0.0,165.21546961325967,50.44362205102453,False
DetR-large-scale.coco-segmentation/New Ridgeport,4,4.401573150038621,405,0.0,0.0,0.0,0.0,157.74527227158805,43.25623268998213,False
DetR-large-scale.coco-segmentation/New Ridgeport,5,4.871407259068838,437,0.0,0.0,0.0,0.0,162.80070218917803,49.378744040255754,False
DetR-large-scale.coco-segmentation/New Ridgeport,6,6.166162206444463,203,0.0,0.0,0.0,0.0,118.8780487804878,70.87876132207948,True
DetR-large-scale.coco-segmentation/New Ridgeport,7,4.884014496717878,425,0.0,0.0,0.0,0.0,179.03108164111066,77.91469579824566,True
DetR-large-scale.coco-segmentation/New Ridgeport,8,4.1278545849392385,402,0.0,0.0,0.0,0.0,147.77368137782562,44.010220783127664,False
DetR-large-scale.coco-segmentation/New Ridgeport,9,4.993020644487005,397,0.0,0.0,0.0,0.0,155.29497054825555,49.11116623460505,False
UNISEM-ZN1461.coco-segmentation/Oak Lake,0,5.508199073757901,2134,0.0,0.0,0.0,0.0,65.18770435967302,71.5715935463797,True
UNISEM-ZN1461.coco-segmentation/Oak Lake,1,6.861397273065918,234,0.0,0.0,0.0,0.0,148.14509122502173,88.4121903901537,True
UNISEM-ZN1461.coco-segmentation/Oak Lake,2,5.0921795532826835,281,0.0,0.0,0.0,0.0,117.28962579860055,91.52853408274102,True
UNISEM-ZN1461.coco-segmentation/Oak Lake,3,6.905277183833164,473,0.0,0.0,0.0,0.0,145.0591799351839,94.69800351870127,True
UNISEM-ZN1461.coco-segmentation/Oak Lake,4,4.410579214449811,287,0.0,0.0,0.0,0.0,122.69330985915492,86.53705929426049,True
UNISEM-ZN1461.coco-segmentation/Oak Lake,5,5.364575152357575,289,0.0,0.0,0.0,0.0,222.48876909254267,52.91520260679845,False
UNISEM-ZN1461.coco-segmentation/Oak Lake,6,5.58324589476512,407,0.0,0.0,0.0,0.0,125.63884430176564,83.72526097774296,True
UNISEM-ZN1461.coco-segmentation/Oak Lake,7,7.1776941826434175,583,0.0,0.0,0.0,0.0,119.76905522592423,84.12497045204488,True
UNISEM-ZN1461.coco-segmentation/Oak Lake,8,7.30801986778699,2008,0.0,0.0,0.0,0.0,68.66365603028665,78.5466871314213,True
UNISEM-ZN1461.coco-segmentation/Oak Lake,9,5.95394214327505,629,0.0,0.0,0.0,0.0,192.63660446901636,69.30477851610944,False
UNISEM-ZN1461.coco-segmentation/Oak Lake,10,5.36706387018304,484,0.0,0.0,0.0,0.0,172.554684894965,75.65629662470532,False
UNISEM-ZN1461.coco-segmentation/Oak Lake,11,5.3557961113645245,375,0.0,0.0,0.0,0.0,185.1486111111111,77.88625926947336,False
UNISEM-ZN1461.coco-segmentation/Oak Lake,12,5.469386192761783,330,0.0,0.0,0.0,0.0,183.278768956289,71.13593979870333,True
UNISEM-ZN1461.coco-segmentation/Oak Lake,13,5.685660836227182,307,0.0,0.0,0.0,0.0,170.4042708080563,82.42571013375657,False
UNISEM-ZN1461.coco-segmentation/Oak Lake,14,5.09103172984504,292,0.0,0.0,0.0,0.0,115.48159009449331,76.78177047262689,False
UNISEM-ZN1461.coco-segmentation/Oak Lake,15,5.436434379471303,274,0.0,0.0,0.0,0.0,134.24787197820905,86.94927381500108,False
UNISEM-ZN1461.coco-segmentation/Oak Lake,16,5.3773180636298825,286,0.0,0.0,0.0,0.0,87.67696381288614,80.38181046385469,True
UNISEM-ZN1461.coco-segmentation/Oak Lake,17,5.268048529931041,273,0.0,0.0,0.0,0.0,181.53882877148314,78.87455244372903,False
UNISEM-ZN1461.coco-segmentation/Oak Lake,18,5.624336856881225,256,0.0,0.0,0.0,0.0,188.5357844513051,77.16762300154646,False
UNISEM-ZN1461.coco-segmentation/Oak Lake,19,8.136123758332023,422,0.0,0.0,0.0,0.0,98.24432253125798,76.59804445069676,True
UNISEM-ZN1461.coco-segmentation/Oak Lake,20,5.611289266161051,287,0.0,0.0,0.0,0.0,80.09716823986675,70.76022103899172,True
UNISEM-ZN1461.coco-segmentation/Oak Lake,21,4.971879000615727,347,0.0,0.0,0.0,0.0,97.46969325153374,76.46639745925462,True
UNISEM-ZN1461.coco-segmentation/Oak Lake,22,4.846812621822912,465,0.0,0.0,0.0,0.0,159.35561908950956,71.5069868428827,False
UNISEM-ZN1461.coco-segmentation/Oak Lake,23,3.8815731603985726,1652,0.0,0.0,0.0,0.0,86.52274261033878,90.59202591648531,True
DetR-large-scale.coco-segmentation/West Marshford,0,5.519733795745743,179,0.0,0.0,0.0,0.0,188.16488730723606,77.52920913357859,False
DetR-large-scale.coco-segmentation/West Marshford,1,5.34824573744054,150,0.0,0.0,0.0,0.0,182.12371756185877,77.10807077926297,False
DetR-large-scale.coco-segmentation/West Marshford,2,4.322484339718627,302,0.0,0.0,0.0,0.0,125.34420418291386,74.80890644925051,False
DetR-large-scale.coco-segmentation/West Marshford,3,5.233872669386596,1718,0.0,0.0,0.0,0.0,83.26018668102675,74.78281826962558,True
DetR-large-scale.coco-segmentation/West Marshford,4,6.947025129248134,419,0.0,0.0,0.0,0.0,133.77586484312147,87.85155766053998,True
DetR-large-scale.coco-segmentation/West Marshford,5,4.769990671761272,298,0.0,0.0,0.0,0.0,170.68374959455076,62.46017130123634,True
DetR-large-scale.coco-segmentation/West Marshford,6,4.855478479879727,448,0.0,0.0,0.0,0.0,111.62872270019854,81.65774449428127,True
DetR-large-scale.coco-segmentation/West Marshford,7,5.0568179608833494,355,0.0,0.0,0.0,0.0,152.81421209655545,90.06031751383783,True
DetR-large-scale.coco-segmentation/West Marshford,8,7.508181524317073,448,0.0,0.0,0.0,0.0,153.80686845168802,92.21886238256268,True
DetR-large-scale.coco-segmentation/West Marshford,9,5.130287353328556,431,0.0,0.0,0.0,0.0,164.36042402826854,72.40057973600732,False
DetR-large-scale.coco-segmentation/West Marshford,10,6.3020892856909985,540,0.0,0.0,0.0,0.0,194.94506866416978,76.26863963970028,False
DetR-large-scale.coco-segmentation/West Marshford,11,8.229034679020003,907,0.0,0.0,0.0,0.0,92.99400126896234,82.47844829101143,True
DetR-large-scale.coco-segmentation/West Marshford,12,4.954131295761717,486,0.0,0.0,0.0,0.0,175.9010530137981,73.51488602027845,False
DetR-large-scale.coco-segmentation/West Marshford,13,5.378977444054119,379,0.0,0.0,0.0,0.0,205.77867203219316,65.89010505006142,False
DetR-large-scale.coco-segmentation/West Marshford,14,5.499255643537047,324,0.0,0.0,0.0,0.0,204.12410873440285,56.950031791792846,False
DetR-large-scale.coco-segmentation/West Marshford,15,5.83724036639544,282,0.0,0.0,0.0,0.0,173.6787109375,79.28086689340353,False
DetR-large-scale.coco-segmentation/West Marshford,16,5.605291391445532,272,0.0,0.0,0.0,0.0,92.5355673133451,68.13930856883135,True
DetR-large-scale.coco-segmentation/West Marshford,17,7.579977151619982,371,0.0,0.0,0.0,0.0,129.21912350597609,89.12170885879888,True
DetR-large-scale.coco-segmentation/West Marshford,18,8.658121535787057,446,0.0,0.0,0.0,0.0,98.23892145369285,81.67346349866884,True
DetR-large-scale.coco-segmentation/West Marshford,19,5.920464576989656,273,0.0,0.0,0.0,0.0,201.4267478967218,70.39842115107375,False
DetR-large-scale.coco-segmentation/West Marshford,20,5.545613152798128,252,0.0,0.0,0.0,0.0,188.07543293219842,73.3046996343046,False
DetR-large-scale.coco-segmentation/West Marshford,21,3.254946988858356,619,0.0,0.0,0.0,0.0,163.3737574552684,83.1625946091262,True
DetR-large-scale.coco-segmentation/West Marshford,22,6.741214752515631,375,0.0,0.0,0.0,0.0,139.5766986959506,84.90322998481048,True
DetR-large-scale.coco-segmentation/West Marshford,23,7.435480994561887,524,0.0,0.0,0.0,0.0,99.15971747550695,73.19099730562088,True
DOS-semicon.coco-segmentation/Port Brookburg,0,6.428744391375508,303,0.0,0.0,0.0,0.0,125.48079547670112,44.62835934535518,False
DOS-semicon.coco-segmentation/Port Brookburg,1,6.5461147856434465,264,0.0,0.0,0.0,0.0,118.12118863049096,34.78703819663488,False
DOS-semicon.coco-segmentation/Port Brookburg,2,3.479887211539809,731,0.0,0.0,0.0,0.0,146.5434824342484,59.462906772742116,True
DOS-semicon.coco-segmentation/Port Brookburg,3,6.552438216360912,336,0.0,0.0,0.0,0.0,150.14938113529664,71.06525803164892,True
DOS-semicon.coco-segmentation/Port Brookburg,4,6.574112911877932,286,0.0,0.0,0.0,0.0,129.2165166754897,43.70187177881283,False
DOS-semicon.coco-segmentation/Port Brookburg,5,6.138341854248185,350,0.0,0.0,0.0,0.0,138.34894666069027,67.69071649434653,True
DOS-semicon.coco-segmentation/Port Brookburg,6,7.04076411294814,304,0.0,0.0,0.0,0.0,148.32091051104663,63.331687136501465,True
DOS-semicon.coco-segmentation/Port Brookburg,7,6.120528733628835,344,0.0,0.0,0.0,0.0,119.18124578367438,42.17624983741656,False
DetR-large-scale.coco-segmentation/Mount Silvershire,0,6.194392243752468,575,18.82125291224437,21.58568448214581,73.30520320994046,51.91404304960281,200.60665286047114,42.165090429153004,False
DetR-large-scale.coco-segmentation/Mount Silvershire,1,5.6443033297384915,565,17.8196650923143,20.826313497788327,79.90239015314155,49.188280777088586,188.46085587519678,44.03883755741089,False
DetR-large-scale.coco-segmentation/Mount Silvershire,2,5.410894641544909,569,19.602651001656877,26.522391172751856,81.21057388160868,51.96824261368185,188.5665009790631,43.007371923166524,False
DetR-large-scale.coco-segmentation/Mount Silvershire,3,5.111444920190816,595,17.967783924503742,24.19776832142245,80.24129515131793,49.53752790451,188.0226163358282,44.138663144383244,True
DetR-large-scale.coco-segmentation/Mount Silvershire,4,4.9342851638712935,571,21.991153289367862,32.27828697103688,74.0271835290333,47.775284276247966,189.90300788161494,42.04664435352442,False
DetR-large-scale.coco-segmentation/Mount Silvershire,5,5.0494378131716875,377,33.985791893021315,48.81669371237765,53.994567488508146,31.035183042009674,188.2087338069369,47.740559120623885,False
DetR-large-scale.coco-segmentation/Mount Silvershire,6,5.26242209093597,340,36.992878192534384,50.54756361092866,57.1581532416503,31.939961441187318,188.47716110019647,51.58674260666005,False
DetR-large-scale.coco-segmentation/Mount Silvershire,7,5.483799324372688,338,27.194451925666577,38.96572763899342,49.628602208456776,37.67089560333846,203.12765957446808,48.890395809541175,True
DetR-large-scale.coco-segmentation/Mount Silvershire,8,4.97672586548981,328,37.22540866073989,49.298901147705934,56.424146831086894,33.7525267483424,182.36793805563522,50.36783235485655,False
DetR-large-scale.coco-segmentation/Mount Silvershire,9,5.619662403226874,321,42.71254536029031,52.36784253013391,56.56687402799378,35.79043478370195,184.7402799377916,50.48589145496498,True
DetR-large-scale.coco-segmentation/Mount Silvershire,10,4.949130277665445,320,37.935659136402634,50.3286895014492,60.47755218758936,34.99696660676159,179.2505004289391,46.38107426148606,False
DetR-large-scale.coco-segmentation/Mount Silvershire,11,5.463242582796003,340,25.758850032181936,37.808336039412275,57.704998927268825,33.37351877978218,185.30465565329328,43.02182426404407,False
DetR-large-scale.coco-segmentation/Mount Silvershire,12,5.621101919243115,422,18.406458226550487,21.92375319970787,58.33418759610456,34.22832733449311,185.89202118571671,38.33614878507639,True
DetR-large-scale.coco-segmentation/Mount Silvershire,13,5.23538417407708,732,16.22053525476068,17.596465990630357,119.83852290272775,75.40198870350164,225.4107050952136,38.45380594464506,True
DetR-large-scale.coco-segmentation/Mount Silvershire,14,4.972349268082362,704,16.29130916136175,16.667819015397573,87.06725712704124,46.98467062646227,188.06684195959036,38.01375396663283,False
DetR-large-scale.coco-segmentation/Mount Silvershire,15,5.062400485754385,718,17.940884604479727,16.943820299438823,120.80734335129004,67.2802002407152,217.32874964559116,38.66790375090625,True
DetR-large-scale.coco-segmentation/Mount Silvershire,16,6.835878039434014,830,16.101374263787257,15.532234158380785,83.61556309120114,50.69038612914238,191.17267535248973,36.21864177306845,True
DetR-large-scale.coco-segmentation/Mount Silvershire,17,5.195814483671664,710,16.80983648770439,19.584627443389078,91.94631131711085,50.8260065534176,186.60538174327283,36.97386237132496,False
DetR-large-scale.coco-segmentation/Mount Silvershire,18,5.176972532559505,706,17.48257066801876,21.378147871657834,93.35162885029789,49.667565913389005,186.175941183927,37.32865242347568,False
DetR-large-scale.coco-segmentation/Mount Silvershire,19,5.049542216027901,428,24.38932167965039,35.492044372412636,63.135094052821586,31.639148395867746,180.50237507125215,40.06769808052479,True
DetR-large-scale.coco-segmentation/Mount Silvershire,20,5.169183762826256,337,25.87895212285456,37.463698533981436,58.48396567299007,29.901252196495452,179.92976513098463,44.2412168209521,False
DetR-large-scale.coco-segmentation/Mount Silvershire,21,5.450332524900582,307,41.51307531380753,52.60404947819881,58.06773012552301,34.401173785473965,187.24006276150627,50.459996019841505,False
DetR-large-scale.coco-segmentation/Mount Silvershire,22,5.62638616542952,302,44.31803367734927,54.20903919165619,56.499185225420966,32.3847494702333,183.5219989136339,50.88645143048783,False
DetR-large-scale.coco-segmentation/Mount Silvershire,23,5.2460897623923755,303,39.674418604651166,49.331718147249376,59.83459302325581,34.1653506793604,184.26220930232557,49.051454614212474,False
DetR-large-scale.coco-segmentation/Mount Silvershire,24,5.40122841643082,324,30.903566400750822,40.611276488056525,56.79868606288127,31.078786338324818,185.7728765837635,50.545699141209305,False
DetR-large-scale.coco-segmentation/Mount Silvershire,25,5.446678381741093,355,26.14865900383142,34.740865114871546,52.48409961685824,29.368694987385926,188.05727969348658,49.822704577837875,False
DetR-large-scale.coco-segmentation/Mount Silvershire,26,5.269931808716836,521,20.287751937984495,22.09178854920548,55.00976744186047,28.922104377989907,182.0137984496124,46.72209073972568,True
fariq-generalize-dos.coco-segmentation/Old Greenshire,0,4.866299607103511,486,33.27484498072733,46.3751276468183,72.47008547008546,45.12186803244212,183.780291603821,40.98542531642347,False
fariq-generalize-dos.coco-segmentation/Old Greenshire,1,4.567304077304174,449,15.091464616597674,21.249457318091775,85.78099743741376,65.4538894763022,212.61975162625666,50.918698702588244,True
fariq-generalize-dos.coco-segmentation/Old Greenshire,2,4.964344455310379,476,38.24811732065002,48.620610901368,84.07748711850971,41.32550309687952,184.81906460562823,42.816029790863475,False
fariq-generalize-dos.coco-segmentation/Old Greenshire,3,3.3349714305748024,1593,25.729860589364723,38.57561131771648,86.57500626095667,59.701705393732155,214.6436263461057,44.642490626670096,True
fariq-generalize-dos.coco-segmentation/Old Greenshire,4,4.831210924751075,469,36.628015047576895,46.99806650031086,93.70546581102013,41.4277044601117,194.1363133436601,42.97878465862582,False
fariq-generalize-dos.coco-segmentation/Old Greenshire,5,4.52385866867797,488,34.0214657415438,45.85994099390394,93.57046834345186,42.56244353528031,195.27276669557676,39.778416123694974,False
fariq-generalize-dos.coco-segmentation/Old Greenshire,6,4.188420854904903,477,37.48251140560504,49.122120214485,88.85509450358462,43.9396134018441,194.42885074951118,38.748523406430344,False
fariq-generalize-dos.coco-segmentation/Old Greenshire,7,4.5453812647066165,484,37.655698529411765,50.192153057586346,85.36838235294118,44.10034464018641,195.70661764705883,37.958224332047486,False
fariq-generalize-dos.coco-segmentation/Old Greenshire,8,5.487867078584555,663,33.69605626726953,47.2702716332069,82.25948254207485,53.84668000102131,204.67081135393119,39.269034181351195,True
fariq-generalize-dos.coco-segmentation/Old Greenshire,9,4.969556586697749,515,34.0535613606465,48.06143435718369,84.88272881037399,46.96886416404279,187.43055816575833,37.10993990529897,False
fariq-generalize-dos.coco-segmentation/Old Greenshire,10,5.787589699698738,653,29.18998229193018,42.999289092478946,79.36592461421705,51.80757755721121,196.46508980521122,42.08957547146148,True
fariq-generalize-dos.coco-segmentation/Old Greenshire,11,4.182187131294986,517,21.075820117314795,30.986848488131002,68.6022159461221,44.17724618475764,181.62589615468173,33.75314468071296,False
fariq-generalize-dos.coco-segmentation/Old Greenshire,12,4.186914267389369,520,22.831563903634137,35.08662802193265,72.00796243364638,48.5771428720241,182.15802368313598,32.75132958462744,False
fariq-generalize-dos.coco-segmentation/Old Greenshire,13,4.025800906158648,482,37.90205743677668,52.07161114830297,76.65816545220746,45.891142403667025,171.42541791684528,32.39945224990846,False
fariq-generalize-dos.coco-segmentation/Old Greenshire,14,6.074098352027147,642,23.933902385642373,34.34714262822561,86.7613263296126,55.33210429266794,201.25432260888596,41.57447487951778,True
fariq-generalize-dos.coco-segmentation/Old Greenshire,15,4.753716014205422,449,19.21962119599915,28.437733606684777,92.79165779953182,64.35081718580172,233.631623749734,29.356717153532603,True
fariq-generalize-dos.coco-segmentation/Old Greenshire,16,5.354669990514375,472,37.40032847464586,49.58016172586959,89.354957914186,46.69709869397997,195.6392937795114,41.1955574776728,False
fariq-generalize-dos.coco-segmentation/Old Greenshire,17,4.44649662152905,476,34.98107476635514,48.7744174820575,91.49906542056075,44.29061311769701,194.3661214953271,40.663433042801,False
fariq-generalize-dos.coco-segmentation/Old Greenshire,18,3.5271859657024627,977,30.607808114314878,44.32979756379308,88.51556519520285,54.59769541014321,211.10640469507527,40.3297983274334,True
fariq-generalize-dos.coco-segmentation/Old Greenshire,19,5.255714506826345,630,27.72675,38.32901426383804,99.786,49.07823808980922,201.31375,44.66163690391901,True
fariq-generalize-dos.coco-segmentation/Old Greenshire,20,4.391240478441918,524,18.678590688477442,27.746293257464327,86.21427287434837,66.89614427971138,226.00161783210498,33.07962978064451,True
fariq-generalize-dos.coco-segmentation/Old Greenshire,21,7.079282415736034,719,28.047368874343295,42.417124683061175,80.1788820945655,62.49360760481101,218.49272241839634,34.97759428391213,True
fariq-generalize-dos.coco-segmentation/Old Greenshire,22,9.575679867252605,664,25.090634441087612,37.054284949681964,83.59259818731118,65.4329737515765,217.06767371601208,36.83024806506226,True
fariq-generalize-dos.coco-segmentation/Old Greenshire,23,3.5422214433359893,683,17.50512416239653,24.896586929762826,83.35928261726448,55.438624420246306,193.98581001182498,44.42693615758561,True
fariq-generalize-dos.coco-segmentation/Old Greenshire,24,4.0961387441240475,483,19.890302066772655,27.535272594634577,63.782421076538725,42.15154828473877,186.9289121053827,31.76742628918192,False
fariq-generalize-dos.coco-segmentation/Saint Millmount,0,4.234770110472503,307,18.74729938271605,31.805443237888046,75.84104938271605,57.40280470314743,177.19097222222223,69.2477449513333,True
fariq-generalize-dos.coco-segmentation/Saint Millmount,1,3.5397827506617743,252,47.29484732824427,56.47824255274699,80.18511450381679,39.60787144889358,109.84923664122137,48.24179892519993,False
fariq-generalize-dos.coco-segmentation/Saint Millmount,2,4.378267199251713,275,52.3149012567325,60.279941885767194,65.46929982046679,34.38466332337185,160.48761220825853,46.20408953361799,False
fariq-generalize-dos.coco-segmentation/Saint Millmount,3,4.138877227836205,324,17.990360585505176,29.12124097789714,60.8657622277758,49.699962059373775,208.4405569439486,55.404675778161945,True
fariq-generalize-dos.coco-segmentation/Saint Millmount,4,3.6533040388711835,309,33.80405965202983,45.22069750794403,53.74026512013256,31.736436255140628,183.35666942833473,55.887247077707194,False
fariq-generalize-dos.coco-segmentation/Saint Millmount,5,4.345412905682554,297,33.376560332871016,45.28797919380556,56.07142857142857,34.507638934568064,184.28224687933425,53.34112946492319,True
fariq-generalize-dos.coco-segmentation/Saint Millmount,6,4.288948857593477,281,53.03861864092091,61.10356570748621,71.63275157816561,36.8084724386155,172.66580022279985,52.69312689580472,False
fariq-generalize-dos.coco-segmentation/Saint Millmount,7,2.591292455398308,637,46.519354838709674,57.28583787200932,65.51202346041056,39.040598490670114,176.46304985337244,53.10911095984124,True
fariq-generalize-dos.coco-segmentation/Saint Millmount,8,4.123052920852234,278,49.66799204771372,58.87940896901643,70.01113320079523,35.59728186883732,158.61510934393638,46.6276883665012,False
fariq-generalize-dos.coco-segmentation/Saint Millmount,9,4.273815583829571,407,51.04482098934135,58.86208153955864,75.6900792566275,39.23745188549488,153.79803224924842,48.170167714262405,False
fariq-generalize-dos.coco-segmentation/Saint Millmount,10,4.108015935224772,286,50.65505490344567,61.76704030538233,65.40552820901173,31.655500076241427,138.5107913669065,53.9053047389834,True
UNISEM-ZN1461.coco-segmentation/South Springboro,0,4.998109980014487,206,0.0,0.0,0.0,0.0,188.0425702811245,69.60764247252173,False
UNISEM-ZN1461.coco-segmentation/South Springboro,1,5.40801270785615,164,0.0,0.0,0.0,0.0,158.8897937024973,78.91756384229163,False
UNISEM-ZN1461.coco-segmentation/South Springboro,2,4.77622635399196,324,0.0,0.0,0.0,0.0,160.55675351901766,58.09849532296423,False
UNISEM-ZN1461.coco-segmentation/South Springboro,3,5.261548017805573,333,0.0,0.0,0.0,0.0,140.93201354519405,59.05132900307368,True
UNISEM-ZN1461.coco-segmentation/South Springboro,4,7.296456218229034,495,0.0,0.0,0.0,0.0,122.87686045032439,81.16417814455258,True
UNISEM-ZN1461.coco-segmentation/South Springboro,5,4.9563619586331225,285,0.0,0.0,0.0,0.0,122.82866606443842,80.73801691014683,True
UNISEM-ZN1461.coco-segmentation/South Springboro,6,7.862890048937211,648,0.0,0.0,0.0,0.0,105.6883609348398,83.8634125978962,True
UNISEM-ZN1461.coco-segmentation/South Springboro,7,5.387936266780419,436,0.0,0.0,0.0,0.0,166.99423907825252,74.47479926883504,False
UNISEM-ZN1461.coco-segmentation/South Springboro,8,8.958301661741354,747,0.0,0.0,0.0,0.0,138.53465925709273,83.10720891006922,True
UNISEM-ZN1461.coco-segmentation/South Springboro,9,5.1798276235432015,368,0.0,0.0,0.0,0.0,193.81101344364012,62.92219726530311,False
UNISEM-ZN1461.coco-segmentation/South Springboro,10,6.44511194465459,540,0.0,0.0,0.0,0.0,180.64626589846722,70.7792086316499,False
UNISEM-ZN1461.coco-segmentation/South Springboro,11,6.139062772815415,618,0.0,0.0,0.0,0.0,164.24794597636466,73.56190474348449,False
UNISEM-ZN1461.coco-segmentation/South Springboro,12,6.527681705138,478,0.0,0.0,0.0,0.0,171.5614525139665,77.77642625225054,False
UNISEM-ZN1461.coco-segmentation/South Springboro,13,3.8972660551222327,686,0.0,0.0,0.0,0.0,174.13685051958433,86.56125747651836,True
UNISEM-ZN1461.coco-segmentation/South Springboro,14,6.496051677027904,283,0.0,0.0,0.0,0.0,161.71005798840233,76.52636055663844,False
UNISEM-ZN1461.coco-segmentation/South Springboro,15,5.141448221448318,262,0.0,0.0,0.0,0.0,162.7461870503597,75.38129863104736,False
UNISEM-ZN1461.coco-segmentation/South Springboro,16,6.002936695189026,267,0.0,0.0,0.0,0.0,151.7855722806021,84.8289976890389,True
UNISEM-ZN1461.coco-segmentation/South Springboro,17,4.971386512024262,829,0.0,0.0,0.0,0.0,82.01601591123207,84.74746480397445,True
UNISEM-ZN1461.coco-segmentation/South Springboro,18,6.130407833615432,257,0.0,0.0,0.0,0.0,116.15923737916219,73.40717589359349,False
UNISEM-ZN1461.coco-segmentation/South Springboro,19,5.82196373674621,265,0.0,0.0,0.0,0.0,150.02224226029455,79.69834236164948,False
UNISEM-ZN1461.coco-segmentation/South Springboro,20,5.659841301632527,239,0.0,0.0,0.0,0.0,181.37916063675831,76.28635462168995,False
UNISEM-ZN1461.coco-segmentation/South Springboro,21,5.6577311469799465,275,0.0,0.0,0.0,0.0,179.2051134731399,75.77678470326897,True
UNISEM-ZN1461.coco-segmentation/South Springboro,22,4.978360633128263,254,0.0,0.0,0.0,0.0,192.5933660933661,66.66119924098884,False
UNISEM-ZN1461.coco-segmentation/South Springboro,23,5.051579511653446,421,0.0,0.0,0.0,0.0,189.7379702537183,73.05112438205813,True
DetR-large-scale.coco-segmentation/Old Oakford,0,4.486147917629084,537,21.470864152985747,12.111880312236604,105.94154789825005,28.69763446033147,182.59281977268628,37.55540496439709,False
DetR-large-scale.coco-segmentation/Old Oakford,1,5.1361869761545025,428,21.101270623933246,14.574201293739236,105.3997724255642,30.429672503277533,182.33453442063342,37.59862656239378,False
DetR-large-scale.coco-segmentation/Old Oakford,2,5.363311882708535,421,20.989882266372334,14.024015218755862,105.83296541574687,28.568734913052843,182.8270787343635,34.628341689995764,False
DetR-large-scale.coco-segmentation/Old Oakford,3,6.981578234177689,566,27.19110576923077,29.707002254613236,96.77130681818181,39.5301159110251,193.27119755244755,43.43307146222554,True
DetR-large-scale.coco-segmentation/Old Oakford,4,5.052567229616683,326,31.4907495256167,33.60093279698059,72.0215844402277,47.63689709512972,204.8472485768501,47.41165665663692,True
DetR-large-scale.coco-segmentation/Old Oakford,5,5.1712972779435225,285,20.806143751864003,13.701452195197977,111.04175365344467,26.7684627466618,188.54518341783478,37.87178128487347,False
DetR-large-scale.coco-segmentation/Old Oakford,6,5.6834850967121255,303,21.357252298263536,14.483314375867026,103.20658835546476,27.23628249733946,186.50536261491317,42.134830540594905,False
DetR-large-scale.coco-segmentation/Old Oakford,7,5.815575597549497,344,32.210132158590305,35.11128793580732,68.9557268722467,46.4870454720275,192.58502202643172,54.906893923531236,True
DetR-large-scale.coco-segmentation/Old Oakford,8,5.419212302604792,358,21.814612868047984,16.692827007040723,98.85190839694657,28.041472813630616,187.33456924754634,40.46206072182906,False
DetR-large-scale.coco-segmentation/Old Oakford,9,4.995240082801425,341,20.485802176999528,12.024698987435547,99.389730241363,25.73336612472147,184.43658305726456,39.20387784291537,False
DetR-large-scale.coco-segmentation/Old Oakford,10,4.870764544353975,308,21.30999252429604,14.365024956936217,97.55120857214054,23.01958952237909,185.41564914029405,42.295699122660274,False
DetR-large-scale.coco-segmentation/Old Oakford,11,5.379806376543377,297,23.242330424992964,24.424719945463462,95.78919223191669,33.36618511773442,163.45004221784407,40.09202537752874,False
DetR-large-scale.coco-segmentation/Old Oakford,12,6.094145651107976,306,20.600336862367662,16.24097557609247,102.86621751684312,31.24596457848106,174.06616939364773,45.97256369780969,False
DetR-large-scale.coco-segmentation/Old Oakford,13,5.36926960243749,319,20.844426623897352,15.60688420585945,104.07324244854317,28.83199837561076,176.50735097567497,43.0539811724812,False
DetR-large-scale.coco-segmentation/Old Oakford,14,5.137900455546723,235,35.45904887714663,41.295860068592155,52.03005284015852,34.240332238174375,174.03599735799207,49.789607138026724,True
DetR-large-scale.coco-segmentation/Old Oakford,15,3.4113347562839262,650,31.049502855933998,37.718368970600395,70.08885127988154,44.71946895751646,182.15020097313305,47.29123197157896,True
DetR-large-scale.coco-segmentation/Old Oakford,16,4.571068069055365,271,20.24812874251497,12.693362088476553,103.66429640718563,26.261808534998295,190.71781437125748,44.39118782933921,False
DetR-large-scale.coco-segmentation/Old Oakford,17,5.181736181926486,276,21.014950166112957,16.665502667196705,94.15647840531561,28.269087272842167,181.57541528239202,42.262670870166644,False
DetR-large-scale.coco-segmentation/Old Oakford,18,3.4993400002324493,289,20.728892660161222,11.429512491591064,103.52651675859143,25.587916052327724,176.45226983453543,38.046238757100795,False
DetR-large-scale.coco-segmentation/Old Oakford,19,4.235073515024363,345,20.839543937708566,13.805602682262128,102.74972191323693,24.36769199492635,177.70773081201335,47.185254340949406,False
DetR-large-scale.coco-segmentation/Old Oakford,20,4.913212432558765,253,37.92787794729542,43.612771699067444,53.90152565880721,40.51971675198717,183.20388349514562,60.21185470301505,True
DetR-large-scale.coco-segmentation/Old Oakford,21,4.875734041566545,309,22.751818446319465,20.67474892893681,105.64823974396276,29.047590308328967,190.54727960430608,42.700401460175286,True
DetR-large-scale.coco-segmentation/Old Oakford,22,5.249314796096089,263,24.78655462184874,28.60169509100727,100.56067226890757,31.260224135367817,179.89882352941177,49.27143323539207,False
DetR-large-scale.coco-segmentation/Old Oakford,23,8.12732480099895,395,28.46301099172533,30.96382087629822,72.29529455353834,45.23038189156567,189.07410151908115,51.44679123045633,True
fariq-generalize-dos.coco-segmentation/Fort Goldstead,0,5.679340799729075,270,0.0,0.0,0.0,0.0,142.17480496966195,55.151938076720576,True
fariq-generalize-dos.coco-segmentation/Fort Goldstead,1,6.3059902344003715,356,0.0,0.0,0.0,0.0,121.02769901853871,39.48874881441483,False
fariq-generalize-dos.coco-segmentation/Fort Goldstead,2,7.016311398252898,287,0.0,0.0,0.0,0.0,133.19406880189797,42.19088198122328,False
fariq-generalize-dos.coco-segmentation/Fort Goldstead,3,6.824590420050629,375,0.0,0.0,0.0,0.0,126.276570525484,45.43278170386784,False
fariq-generalize-dos.coco-segmentation/Fort Goldstead,4,6.703445836032909,351,0.0,0.0,0.0,0.0,121.09699915469146,40.63894400109445,False
fariq-generalize-dos.coco-segmentation/Fort Goldstead,5,6.941264346166777,272,0.0,0.0,0.0,0.0,127.67631322957199,37.80649769194022,False
fariq-generalize-dos.coco-segmentation/Fort Goldstead,6,7.041622372776912,282,0.0,0.0,0.0,0.0,131.95583449558345,41.949172296741686,True
fariq-generalize-dos.coco-segmentation/Fort Goldstead,7,6.506060399852274,331,0.0,0.0,0.0,0.0,156.26580459770116,54.08850341213109,True
DOS-semicon.coco-segmentation/Lake Brook,0,6.344850257077265,491,0.0,0.0,0.0,0.0,163.25876508161818,76.75995532261167,False
DOS-semicon.coco-segmentation/Lake Brook,1,6.555829659942329,401,0.0,0.0,0.0,0.0,156.72365573497586,78.76920839936655,False
DOS-semicon.coco-segmentation/Lake Brook,2,5.72247519283384,307,0.0,0.0,0.0,0.0,145.55493842067133,76.63122748410514,False
DOS-semicon.coco-segmentation/Lake Brook,3,6.225539803994023,238,0.0,0.0,0.0,0.0,143.1279592448307,76.28425454954213,False
DOS-semicon.coco-segmentation/Lake Brook,4,9.87484590326526,371,0.0,0.0,0.0,0.0,140.09129561828274,80.2581023266418,True
DOS-semicon.coco-segmentation/Lake Brook,5,9.68623444863492,373,0.0,0.0,0.0,0.0,132.2844185293165,79.30529869294222,True
DOS-semicon.coco-segmentation/Lake Brook,6,5.910309678040648,294,0.0,0.0,0.0,0.0,132.07294832826747,76.14444458697783,True
DOS-semicon.coco-segmentation/Lake Brook,7,6.205599842631963,222,0.0,0.0,0.0,0.0,133.41910331384017,73.19967741366733,False
DOS-semicon.coco-segmentation/Lake Brook,8,5.412672755978763,1053,0.0,0.0,0.0,0.0,162.34347571679345,69.164879115592,True
DOS-semicon.coco-segmentation/Lake Brook,9,5.92052501445214,230,0.0,0.0,0.0,0.0,140.1593905654849,74.24762634609152,False
DOS-semicon.coco-segmentation/Lake Brook,10,5.121273129837029,1125,0.0,0.0,0.0,0.0,172.8742779719033,63.325927533003195,True
DOS-semicon.coco-segmentation/Lake Brook,11,5.889639059448995,393,0.0,0.0,0.0,0.0,149.30862908837855,76.73321197345327,False
DOS-semicon.coco-segmentation/Lake Brook,12,5.941887047251551,455,0.0,0.0,0.0,0.0,183.18639614654796,81.27677957980696,True
DOS-semicon.coco-segmentation/Lake Brook,13,6.275132328390763,561,0.0,0.0,0.0,0.0,147.36982408660353,75.46261319774258,False
DOS-semicon.coco-segmentation/Lake Brook,14,6.1867162339160595,395,0.0,0.0,0.0,0.0,134.03946908836883,73.90791000776599,False
DOS-semicon.coco-segmentation/Lake Brook,15,6.6634389515946735,214,0.0,0.0,0.0,0.0,136.37363515312916,73.00280130677538,False
DOS-semicon.coco-segmentation/Lake Brook,16,6.479495102001516,198,0.0,0.0,0.0,0.0,126.33851635892452,71.22377272989996,False
DOS-semicon.coco-segmentation/Lake Brook,17,6.608685115374908,337,0.0,0.0,0.0,0.0,160.16692015209125,63.06578351380687,True
DOS-semicon.coco-segmentation/Lake Brook,18,6.902156382313682,288,0.0,0.0,0.0,0.0,149.0181437543615,78.88524999548248,True
DOS-semicon.coco-segmentation/Lake Brook,19,6.595846169152576,245,0.0,0.0,0.0,0.0,137.47640156453716,77.76145889028946,False
DOS-semicon.coco-segmentation/Lake Brook,20,6.252310987342742,290,0.0,0.0,0.0,0.0,128.42436670687576,75.19889917026985,False
DOS-semicon.coco-segmentation/Lake Brook,21,6.391881192679134,200,0.0,0.0,0.0,0.0,138.67650714729646,74.54156607355007,False
DetR-large-scale.coco-segmentation/Spring Ridge,0,3.572795495166357,1461,26.938295629611613,36.00663925527161,86.2376550717587,47.14626868088134,179.35587448309414,52.13866948030661,True
DetR-large-scale.coco-segmentation/Spring Ridge,1,4.598405828305089,271,34.28439690151236,43.227916859503516,104.12025082995204,36.67237985964452,179.24566580597565,56.85005998255087,False
DetR-large-scale.coco-segmentation/Spring Ridge,2,5.99525088329157,1195,39.13594823182154,53.52352305515092,70.7193052165522,55.92650149040155,191.75631492308565,55.27843872243077,True
DetR-large-scale.coco-segmentation/Spring Ridge,3,5.184302434767968,259,23.85,27.903468535972877,105.85598591549295,34.28554544032582,179.6461267605634,51.69902523597644,False
DetR-large-scale.coco-segmentation/Spring Ridge,4,5.334724518378335,281,31.650336473755047,40.89360777289717,98.02422611036339,40.63052780787105,169.40107671601615,50.83825563213402,False
DetR-large-scale.coco-segmentation/Spring Ridge,5,5.0944873306215746,550,25.037992495309567,27.554822742719338,98.58630393996248,37.58194166081699,177.4577861163227,48.97518165472286,False
DetR-large-scale.coco-segmentation/Spring Ridge,6,5.225645702917779,441,21.508411906082454,20.222883911434916,104.84877056757256,34.388642305294,177.4627472730634,49.969172866217335,False
DetR-large-scale.coco-segmentation/Spring Ridge,7,4.24190869749164,416,22.084148727984346,22.18191694916208,106.24804305283757,32.389079437615244,181.21722113502935,47.58587126181069,True
DetR-large-scale.coco-segmentation/Spring Ridge,8,4.6779180654503705,373,23.256533874651105,25.439609342216315,108.09870591220502,34.39780492058348,177.8908906368942,50.61998035667629,False
DetR-large-scale.coco-segmentation/Spring Ridge,9,5.195326594367303,293,24.72009359461831,29.36741229351358,97.80023398654578,37.38853399577164,168.01813395729747,53.49190860816436,False
DetR-large-scale.coco-segmentation/Spring Ridge,10,5.322687540290345,310,23.41844512195122,28.768930763188802,103.66971544715447,32.52660195714239,166.82088414634146,62.413250209048634,False
DetR-large-scale.coco-segmentation/Spring Ridge,11,5.148432282789708,356,19.499882214369848,16.14410408075788,108.07820965842167,28.686732647867462,176.01342756183746,54.62729535706511,False
DetR-large-scale.coco-segmentation/Spring Ridge,12,4.803060815798487,369,19.892400482509046,15.813737981711016,112.48347406513872,25.95522319478886,180.356574185766,51.24385510450867,True
DetR-large-scale.coco-segmentation/Spring Ridge,13,5.267549925221127,323,21.199106145251395,21.644799374980277,103.99843575418994,29.01951179107328,177.88826815642457,54.89845605196002,True
DetR-large-scale.coco-segmentation/Spring Ridge,14,5.386734741885598,326,21.38684807256236,21.338562481936595,102.16439909297053,29.038772308781734,171.56984126984128,55.0941000600432,False
DetR-large-scale.coco-segmentation/Spring Ridge,15,5.390924885777971,317,25.998114224137932,33.79946481639737,109.20366379310344,35.02860603688027,166.8036099137931,54.79499369423525,False
DetR-large-scale.coco-segmentation/Spring Ridge,16,5.690740537483074,302,24.762631315657828,31.65161681025144,108.8111555777889,35.715779622910986,170.90745372686342,55.21520441752588,False
DetR-large-scale.coco-segmentation/Spring Ridge,17,6.070712876005195,281,25.49105275389263,34.905288025231044,82.47757378573088,51.16435035603802,178.3885661166628,56.264849445844895,True
DetR-large-scale.coco-segmentation/Spring Ridge,18,5.182448966178784,263,28.456439393939394,37.32899557387538,101.9040404040404,32.678785767385705,171.65877525252526,56.921192353147646,False
DetR-large-scale.coco-segmentation/Spring Ridge,19,4.360315162973034,288,23.602981561396625,26.88529765554985,111.77873675951354,31.047838962633985,172.63946645743428,53.88252652976863,False
DetR-large-scale.coco-segmentation/Spring Ridge,20,4.413048425949223,277,24.06958561376075,27.823817524599335,112.77443315089914,30.518946856846227,177.7017200938233,53.93779687162767,False
DetR-large-scale.coco-segmentation/Spring Ridge,21,4.574223171847757,273,31.916390423572743,41.85565840115042,103.8073664825046,37.531453979508534,168.26629834254143,55.234809220721324,False
DetR-large-scale.coco-segmentation/Spring Ridge,22,3.7449958024330816,298,21.761115297663903,20.043796687350124,111.15335342878674,29.11953759789169,176.939713639789,45.508557101641735,False
DetR-large-scale.coco-segmentation/San Valleyburg,0,4.759236642334544,189,0.0,0.0,0.0,0.0,204.0182688125272,63.572706481973704,False
DetR-large-scale.coco-segmentation/San Valleyburg,1,4.523786068209345,317,0.0,0.0,0.0,0.0,166.99638870650034,61.50369782208069,False
DetR-large-scale.coco-segmentation/San Valleyburg,2,4.041931501394811,329,0.0,0.0,0.0,0.0,200.77144891420434,63.39061989529268,False
DetR-large-scale.coco-segmentation/San Valleyburg,3,4.1093356755239725,308,0.0,0.0,0.0,0.0,232.41309171597632,40.157039994891946,False
DetR-large-scale.coco-segmentation/San Valleyburg,4,4.410518185173455,307,0.0,0.0,0.0,0.0,203.12728551336147,61.852911598584264,False
DetR-large-scale.coco-segmentation/San Valleyburg,5,4.852746959282842,455,0.0,0.0,0.0,0.0,191.91152450090743,67.56168031943221,False
DetR-large-scale.coco-segmentation/San Valleyburg,6,5.1639972375405,353,0.0,0.0,0.0,0.0,220.04485629868387,56.07756587836497,False
DetR-large-scale.coco-segmentation/San Valleyburg,7,5.304846231273211,431,0.0,0.0,0.0,0.0,199.4382060360816,65.88303234409842,False
DetR-large-scale.coco-segmentation/San Valleyburg,8,4.589319300402022,356,0.0,0.0,0.0,0.0,179.17586372360844,73.81980266709391,False
DetR-large-scale.coco-segmentation/San Valleyburg,9,6.488260997061327,558,0.0,0.0,0.0,0.0,65.51845342706503,68.17730143530196,True
DetR-large-scale.coco-segmentation/San Valleyburg,10,4.924808112349336,1242,0.0,0.0,0.0,0.0,152.64681027914386,87.85396984207811,True
DetR-large-scale.coco-segmentation/San Valleyburg,11,5.6585310466622785,470,0.0,0.0,0.0,0.0,192.64952076677315,67.2473606600644,True
DetR-large-scale.coco-segmentation/San Valleyburg,12,5.16693813339181,406,0.0,0.0,0.0,0.0,200.9047619047619,62.87906763225389,False
DetR-large-scale.coco-segmentation/San Valleyburg,13,5.342782214971072,339,0.0,0.0,0.0,0.0,199.25896860986546,67.19537121586264,False
DetR-large-scale.coco-segmentation/San Valleyburg,14,5.562735921722827,276,0.0,0.0,0.0,0.0,202.45683173450868,66.93992729561857,True
DetR-large-scale.coco-segmentation/San Valleyburg,15,5.049979294301704,277,0.0,0.0,0.0,0.0,210.463334429464,60.0092784719639,False
DetR-large-scale.coco-segmentation/San Valleyburg,16,5.697502684282562,278,0.0,0.0,0.0,0.0,215.0,62.301728627550744,False
DetR-large-scale.coco-segmentation/San Valleyburg,17,5.430003564211484,282,0.0,0.0,0.0,0.0,209.163830400923,64.4837074566346,True
DetR-large-scale.coco-segmentation/San Valleyburg,18,4.263362797305254,637,0.0,0.0,0.0,0.0,150.01338606632189,88.16902760933125,True
DetR-large-scale.coco-segmentation/San Valleyburg,19,3.7752473612406363,652,0.0,0.0,0.0,0.0,162.42241080706617,87.57246169777166,True
DetR-large-scale.coco-segmentation/San Valleyburg,20,5.416299634142435,257,0.0,0.0,0.0,0.0,220.33045480713875,57.32391535562391,False
DetR-large-scale.coco-segmentation/San Valleyburg,21,5.046600890437817,303,0.0,0.0,0.0,0.0,107.96055293324342,75.13151962367036,True
DetR-large-scale.coco-segmentation/San Valleyburg,22,5.5595653421607585,368,0.0,0.0,0.0,0.0,187.34425858951175,80.81653073307837,False
DetR-large-scale.coco-segmentation/San Valleyburg,23,4.770154861251513,143,0.0,0.0,0.0,0.0,211.6409591704472,64.2339125587535,False
DetR-large-scale.coco-segmentation/Port Silverboro,0,5.662491373255016,444,10.46895922093731,1.4829456383981812,77.05477784540474,8.90933127717221,151.10088253195374,33.16211428621571,True
DetR-large-scale.coco-segmentation/Port Silverboro,1,6.326350012247416,427,10.3697933227345,1.6124446839241806,78.15119236883943,9.880326971228419,148.3468998410175,34.669479722838204,True
DetR-large-scale.coco-segmentation/Port Silverboro,2,5.488200378992577,443,10.524579236793867,1.4005155668966924,79.13981003166138,9.707192091478147,146.71671388101984,32.75861537243959,True
DetR-large-scale.coco-segmentation/Port Silverboro,3,6.6043988869928665,458,10.58254564288489,1.7830008280855143,74.33341965557426,10.931001120490603,143.67279554577237,30.166056357265266,True
DetR-large-scale.coco-segmentation/Port Silverboro,4,9.423355125410273,527,11.360289830931956,1.2001841212189963,87.1081036062297,11.35753320706594,139.23203131506622,22.92488587396145,True
DetR-large-scale.coco-segmentation/Port Silverboro,5,6.617569650819635,517,11.343640606767794,1.0468031242732307,87.36091015169195,9.258675359718836,140.52532088681446,21.874461501270012,True
DetR-large-scale.coco-segmentation/Port Silverboro,6,9.229247145514993,556,11.090916071565692,1.0978522368692376,87.45964831452046,10.164101379862128,138.9788835137833,20.580422839844207,True
UNISEM-ZN1461.coco-segmentation/Fort Brookmount,0,5.459809286841296,182,0.0,0.0,0.0,0.0,208.6568665377176,67.61579548507065,False
UNISEM-ZN1461.coco-segmentation/Fort Brookmount,1,3.5338228898566486,1988,0.0,0.0,0.0,0.0,78.44063554883017,83.32165465576487,True
UNISEM-ZN1461.coco-segmentation/Fort Brookmount,2,4.324549587486587,277,0.0,0.0,0.0,0.0,201.72520262446932,64.16537859481232,False
UNISEM-ZN1461.coco-segmentation/Fort Brookmount,3,4.689536944285683,273,0.0,0.0,0.0,0.0,215.28531663187195,49.79335879915807,True
UNISEM-ZN1461.coco-segmentation/Fort Brookmount,4,7.484718884276888,399,0.0,0.0,0.0,0.0,157.33333333333334,81.01532441368776,True
UNISEM-ZN1461.coco-segmentation/Fort Brookmount,5,4.732926635490743,261,0.0,0.0,0.0,0.0,221.19992567818656,47.35038413503203,True
UNISEM-ZN1461.coco-segmentation/Fort Brookmount,6,5.360118610026167,484,0.0,0.0,0.0,0.0,162.90759202453987,76.43001914036623,False
UNISEM-ZN1461.coco-segmentation/Fort Brookmount,7,5.3544809795072865,307,0.0,0.0,0.0,0.0,187.81809927360774,74.76970631441357,False
UNISEM-ZN1461.coco-segmentation/Fort Brookmount,8,4.931273340040243,360,0.0,0.0,0.0,0.0,143.75541173845124,74.73584505958148,False
UNISEM-ZN1461.coco-segmentation/Fort Brookmount,9,5.895031663063199,414,0.0,0.0,0.0,0.0,80.14432818468693,69.32498893245175,True
UNISEM-ZN1461.coco-segmentation/Fort Brookmount,10,6.645633781966531,522,0.0,0.0,0.0,0.0,69.46049540892591,71.33856599046885,True
UNISEM-ZN1461.coco-segmentation/Fort Brookmount,11,6.217642694965767,604,0.0,0.0,0.0,0.0,188.56723422833443,70.20688631014148,False
UNISEM-ZN1461.coco-segmentation/Fort Brookmount,12,7.157879938036312,626,0.0,0.0,0.0,0.0,118.26128179414714,88.38955475180407,True
UNISEM-ZN1461.coco-segmentation/Fort Brookmount,13,6.262337534704784,372,0.0,0.0,0.0,0.0,168.02867203219316,75.30839133643188,False
UNISEM-ZN1461.coco-segmentation/Fort Brookmount,14,4.913212888951528,317,0.0,0.0,0.0,0.0,180.08992715398142,63.617040237743055,False
UNISEM-ZN1461.coco-segmentation/Fort Brookmount,15,5.097274224381209,284,0.0,0.0,0.0,0.0,177.91991341991343,74.75694435299528,False
UNISEM-ZN1461.coco-segmentation/Fort Brookmount,16,5.154239844920552,284,0.0,0.0,0.0,0.0,156.35679314565485,79.5727998187134,False
UNISEM-ZN1461.coco-segmentation/Fort Brookmount,17,5.97866428343045,287,0.0,0.0,0.0,0.0,161.0727479397556,81.18855536449199,False
UNISEM-ZN1461.coco-segmentation/Fort Brookmount,18,5.431385611410495,302,0.0,0.0,0.0,0.0,164.21531232725263,76.40300627280764,False
UNISEM-ZN1461.coco-segmentation/Fort Brookmount,19,5.414634071202463,305,0.0,0.0,0.0,0.0,94.38033937975425,77.88566727957867,True
UNISEM-ZN1461.coco-segmentation/Fort Brookmount,20,8.18129364995763,403,0.0,0.0,0.0,0.0,116.04181483752299,87.0970090955798,True
UNISEM-ZN1461.coco-segmentation/Fort Brookmount,21,5.0141294293044805,265,0.0,0.0,0.0,0.0,211.2642766497462,55.699289089363795,False
UNISEM-ZN1461.coco-segmentation/Fort Brookmount,22,6.941492806725551,405,0.0,0.0,0.0,0.0,131.55955999421045,86.63123746230268,True
UNISEM-ZN1461.coco-segmentation/Fort Brookmount,23,5.41868451169887,234,0.0,0.0,0.0,0.0,206.186601192564,67.45781832339222,False
UNISEM-ZN1461.coco-segmentation/South Fairheights,0,5.475973305990079,198,0.0,0.0,0.0,0.0,209.82834406972339,66.146309862293,True
UNISEM-ZN1461.coco-segmentation/South Fairheights,1,4.3859086104659095,154,0.0,0.0,0.0,0.0,237.27560137457044,40.29141683642384,False
UNISEM-ZN1461.coco-segmentation/South Fairheights,2,4.582961924443152,324,0.0,0.0,0.0,0.0,207.2378445339114,56.08292353830967,False
UNISEM-ZN1461.coco-segmentation/South Fairheights,3,4.772214569930445,324,0.0,0.0,0.0,0.0,210.77233429394812,53.356071430794245,True
UNISEM-ZN1461.coco-segmentation/South Fairheights,4,4.550146213012482,262,0.0,0.0,0.0,0.0,219.50134978789046,43.15179284025279,False
UNISEM-ZN1461.coco-segmentation/South Fairheights,5,4.973246866316302,242,0.0,0.0,0.0,0.0,195.01587901701322,52.98475485374674,False
UNISEM-ZN1461.coco-segmentation/South Fairheights,6,5.184197484140664,479,0.0,0.0,0.0,0.0,192.69524567336384,69.9542479092681,False
UNISEM-ZN1461.coco-segmentation/South Fairheights,7,4.724777237286784,375,0.0,0.0,0.0,0.0,218.39988719684152,54.654715172327194,False
UNISEM-ZN1461.coco-segmentation/South Fairheights,8,3.6494518345788634,2227,0.0,0.0,0.0,0.0,83.62836444131408,79.45882817194905,True
UNISEM-ZN1461.coco-segmentation/South Fairheights,9,5.544267624296872,443,0.0,0.0,0.0,0.0,184.45731231465584,76.60631947825644,False
UNISEM-ZN1461.coco-segmentation/South Fairheights,10,6.598436106038393,526,0.0,0.0,0.0,0.0,184.13324058219177,71.8110355009676,True
UNISEM-ZN1461.coco-segmentation/South Fairheights,11,6.455584602000008,604,0.0,0.0,0.0,0.0,186.72955974842768,68.65009395919037,False
UNISEM-ZN1461.coco-segmentation/South Fairheights,12,6.035719785302881,464,0.0,0.0,0.0,0.0,161.45222641509434,74.97465748407522,False
UNISEM-ZN1461.coco-segmentation/South Fairheights,13,6.400488780991585,522,0.0,0.0,0.0,0.0,115.17120019088523,85.4232806672059,True
UNISEM-ZN1461.coco-segmentation/South Fairheights,14,5.691193328922935,286,0.0,0.0,0.0,0.0,181.5807397383852,74.32542762415923,False
UNISEM-ZN1461.coco-segmentation/South Fairheights,15,4.860556774050894,294,0.0,0.0,0.0,0.0,189.96368467670504,68.75395800554021,False
UNISEM-ZN1461.coco-segmentation/South Fairheights,16,5.101785290891886,279,0.0,0.0,0.0,0.0,170.39750957854406,81.09210682585284,False
UNISEM-ZN1461.coco-segmentation/South Fairheights,17,4.111742552816378,826,0.0,0.0,0.0,0.0,91.37072218607678,88.1979591692772,True
UNISEM-ZN1461.coco-segmentation/South Fairheights,18,6.332924183926163,384,0.0,0.0,0.0,0.0,129.49830444611908,88.3443404609104,True
UNISEM-ZN1461.coco-segmentation/South Fairheights,19,4.107719896859417,808,0.0,0.0,0.0,0.0,96.43332899700793,86.25369533252359,True
UNISEM-ZN1461.coco-segmentation/South Fairheights,20,4.987109627375828,246,0.0,0.0,0.0,0.0,197.62345874170092,66.01150643469082,False
UNISEM-ZN1461.coco-segmentation/South Fairheights,21,4.988868329453887,272,0.0,0.0,0.0,0.0,205.7872611464968,60.224066465746525,True
UNISEM-ZN1461.coco-segmentation/South Fairheights,22,4.75252993862812,259,0.0,0.0,0.0,0.0,205.63551701991008,60.76381017339124,False
UNISEM-ZN1461.coco-segmentation/South Fairheights,23,6.00979294120443,234,0.0,0.0,0.0,0.0,199.57558507273876,75.36246470485669,False
UNISEM-ZN1461.coco-segmentation/South Fairheights,24,5.6380583604005725,88,0.0,0.0,0.0,0.0,217.68965517241378,54.95871023861833,True
UNISEM-ZN1461.coco-segmentation/Silver Heights,0,7.407075568681671,280,0.0,0.0,0.0,0.0,129.88696655132642,90.29202221955158,True
UNISEM-ZN1461.coco-segmentation/Silver Heights,1,4.608340843593501,255,0.0,0.0,0.0,0.0,185.09912420382165,67.03640136159783,False
UNISEM-ZN1461.coco-segmentation/Silver Heights,2,4.9490975860918525,323,0.0,0.0,0.0,0.0,198.58070978820837,67.37015270597738,False
UNISEM-ZN1461.coco-segmentation/Silver Heights,3,4.607539035413603,307,0.0,0.0,0.0,0.0,185.84170269371467,62.65407652962879,False
UNISEM-ZN1461.coco-segmentation/Silver Heights,4,5.108520767237678,299,0.0,0.0,0.0,0.0,206.60719685515573,60.33258480163385,True
UNISEM-ZN1461.coco-segmentation/Silver Heights,5,4.892386259983987,326,0.0,0.0,0.0,0.0,176.60337972166997,73.71830449760047,False
UNISEM-ZN1461.coco-segmentation/Silver Heights,6,5.493113732761971,432,0.0,0.0,0.0,0.0,197.35626936246535,70.20932173770737,False
UNISEM-ZN1461.coco-segmentation/Silver Heights,7,6.362743473406197,554,0.0,0.0,0.0,0.0,202.17782544879756,62.766842509111754,True
UNISEM-ZN1461.coco-segmentation/Silver Heights,8,5.00850691104468,461,0.0,0.0,0.0,0.0,193.45183585313174,71.94033819109171,True
UNISEM-ZN1461.coco-segmentation/Silver Heights,9,4.682691902350789,369,0.0,0.0,0.0,0.0,219.054730713246,51.396004326555826,False
UNISEM-ZN1461.coco-segmentation/Silver Heights,10,4.95370091378071,344,0.0,0.0,0.0,0.0,194.3178314491264,74.3669304871219,False
UNISEM-ZN1461.coco-segmentation/Silver Heights,11,4.667058757529943,265,0.0,0.0,0.0,0.0,218.097376931369,57.416528833377065,False
UNISEM-ZN1461.coco-segmentation/Silver Heights,12,5.005946353103031,268,0.0,0.0,0.0,0.0,219.6097412480974,61.080363980678726,False
UNISEM-ZN1461.coco-segmentation/Silver Heights,13,4.904022517656823,297,0.0,0.0,0.0,0.0,214.13981939994173,68.16721974354124,False
UNISEM-ZN1461.coco-segmentation/Silver Heights,14,5.007269291498883,326,0.0,0.0,0.0,0.0,214.98814949863262,67.23081540188309,True
UNISEM-ZN1461.coco-segmentation/Silver Heights,15,5.062943053516646,316,0.0,0.0,0.0,0.0,207.52612046817015,71.58137762437009,False
UNISEM-ZN1461.coco-segmentation/Silver Heights,16,4.983001893865248,982,0.0,0.0,0.0,0.0,94.56608084358524,90.44162849085492,True
UNISEM-ZN1461.coco-segmentation/Silver Heights,17,5.681455955648297,315,0.0,0.0,0.0,0.0,191.1956466069142,81.55000433893606,False
UNISEM-ZN1461.coco-segmentation/Silver Heights,18,4.242883786765297,680,0.0,0.0,0.0,0.0,117.97049133361982,93.99914807985516,True
UNISEM-ZN1461.coco-segmentation/Silver Heights,19,5.377853370549229,319,0.0,0.0,0.0,0.0,215.63275974733173,58.300304201914095,True
UNISEM-ZN1461.coco-segmentation/Silver Heights,20,6.422409800398553,543,0.0,0.0,0.0,0.0,105.7638086434019,83.1461211960049,True
UNISEM-ZN1461.coco-segmentation/Silver Heights,21,4.6054705750135065,477,0.0,0.0,0.0,0.0,195.9042735042735,55.07048018680214,False
UNISEM-ZN1461.coco-segmentation/Silver Heights,22,5.975601356849441,666,0.0,0.0,0.0,0.0,86.20825432236475,60.538282762023364,True
UNISEM-ZN1461.coco-segmentation/Silver Heights,23,4.533221009897604,142,0.0,0.0,0.0,0.0,221.46341463414635,58.407615276975164,False
UNISEM-ZN1461.coco-segmentation/Saint Rockburg,0,4.776133679047649,192,0.0,0.0,0.0,0.0,3.677787532923617,1.8264825901060386,True
UNISEM-ZN1461.coco-segmentation/Saint Rockburg,1,4.1142065450431895,150,0.0,0.0,0.0,0.0,4.113480578827113,1.7445577205501455,True
UNISEM-ZN1461.coco-segmentation/Saint Rockburg,2,4.217772379081613,314,0.0,0.0,0.0,0.0,2.6557894736842105,1.3918723315224057,True
UNISEM-ZN1461.coco-segmentation/Saint Rockburg,3,3.974201475200235,344,0.0,0.0,0.0,0.0,2.841614906832298,1.4608180538844917,True
UNISEM-ZN1461.coco-segmentation/Saint Rockburg,4,4.7351113239400675,307,0.0,0.0,0.0,0.0,3.0623183726186634,1.6284693279214133,True
UNISEM-ZN1461.coco-segmentation/Saint Rockburg,5,4.170817954646639,299,0.0,0.0,0.0,0.0,3.548692686623721,1.6023255397050016,True
UNISEM-ZN1461.coco-segmentation/Saint Rockburg,6,5.264402567673236,375,0.0,0.0,0.0,0.0,3.010679024783397,1.9622897600751434,True
UNISEM-ZN1461.coco-segmentation/Saint Rockburg,7,4.877750252867211,426,0.0,0.0,0.0,0.0,3.610294117647059,1.7778954217527474,True
UNISEM-ZN1461.coco-segmentation/Saint Rockburg,8,6.393578257095521,552,0.0,0.0,0.0,0.0,2.931953972117725,1.9493234422150556,True
UNISEM-ZN1461.coco-segmentation/Saint Rockburg,9,5.782803337009601,636,0.0,0.0,0.0,0.0,4.200827912477823,1.961757204936222,True
UNISEM-ZN1461.coco-segmentation/Saint Rockburg,10,5.133700288840966,477,0.0,0.0,0.0,0.0,4.0676625659050965,1.942356924955818,True
UNISEM-ZN1461.coco-segmentation/Saint Rockburg,11,5.098681517934087,384,0.0,0.0,0.0,0.0,4.160118921214695,1.9115763360744062,True
UNISEM-ZN1461.coco-segmentation/Saint Rockburg,12,5.5528250122571565,310,0.0,0.0,0.0,0.0,3.7602862254025045,2.0453832800822336,True
UNISEM-ZN1461.coco-segmentation/Saint Rockburg,13,5.128964124804719,278,0.0,0.0,0.0,0.0,4.219342251950947,1.9816871779545326,True
UNISEM-ZN1461.coco-segmentation/Saint Rockburg,14,5.239787258630445,270,0.0,0.0,0.0,0.0,4.395971041863393,1.9281938483838963,True
UNISEM-ZN1461.coco-segmentation/Saint Rockburg,15,5.297821665189307,274,0.0,0.0,0.0,0.0,4.798092732653732,1.687919525387962,True
UNISEM-ZN1461.coco-segmentation/Saint Rockburg,16,5.608253658158022,273,0.0,0.0,0.0,0.0,3.6030405405405403,2.079791166356315,True
UNISEM-ZN1461.coco-segmentation/Saint Rockburg,17,5.086145239128326,278,0.0,0.0,0.0,0.0,4.7088480801335555,1.7989159716564365,True
UNISEM-ZN1461.coco-segmentation/Saint Rockburg,18,4.6139392534816785,284,0.0,0.0,0.0,0.0,3.9194743935309972,1.6240023248847588,True
UNISEM-ZN1461.coco-segmentation/Saint Rockburg,19,5.083570085779541,270,0.0,0.0,0.0,0.0,4.897483690587139,1.5540554745919706,True
UNISEM-ZN1461.coco-segmentation/Saint Rockburg,20,4.919773925044201,256,0.0,0.0,0.0,0.0,5.067359249329758,1.565746444109067,True
UNISEM-ZN1461.coco-segmentation/Saint Rockburg,21,5.140556698977113,367,0.0,0.0,0.0,0.0,3.947998046875,2.0278772229220845,True
UNISEM-ZN1461.coco-segmentation/Saint Rockburg,22,4.744186521343288,453,0.0,0.0,0.0,0.0,3.8229965156794425,1.9599428364550247,True
UNISEM-ZN1461.coco-segmentation/Saint Rockburg,23,4.726465843290635,369,0.0,0.0,0.0,0.0,4.761393323657475,1.6150476464949557,True
DetR-large-scale.coco-segmentation/Stone Burg,0,4.548701713523162,158,32.2684246112238,4.80368037216047,35.64029749830967,13.861105619636401,185.71129141311698,39.341879076183325,False
DetR-large-scale.coco-segmentation/Stone Burg,1,4.609465269562817,163,32.354024197790636,3.9868762691519586,35.170962651236195,13.647039305989626,187.09573908469227,39.22662795351073,False
DetR-large-scale.coco-segmentation/Stone Burg,2,4.132244232443285,154,34.374413145539904,7.505362887525307,36.40727699530517,12.85106428077557,171.33333333333334,36.429224798303366,False
DetR-large-scale.coco-segmentation/Stone Burg,3,5.814153391146793,255,31.27979422692198,4.522942735584963,41.801657616461846,12.536227586911409,154.02200628751072,31.31569199564346,True
DetR-large-scale.coco-segmentation/Stone Burg,4,8.353049192391994,264,29.317313150425733,8.260962051161796,41.64635761589404,15.137303114452983,180.44351939451278,36.950595747823414,True
DetR-large-scale.coco-segmentation/Stone Burg,5,6.344401400369139,251,29.99157673071861,5.969910743617127,41.07107133456173,13.86104859905071,175.2400631745196,38.7475175180996,False
DetR-large-scale.coco-segmentation/Stone Burg,6,8.645930715196545,345,26.791501070009172,9.002238312135287,47.23723631916845,18.70770603091843,188.57077346377255,38.43123413635571,True
DetR-large-scale.coco-segmentation/Stone Burg,7,6.0689827261937985,249,29.029429250891795,8.749215804916423,42.65101070154578,15.657339651025229,174.179548156956,39.350288058756746,False
DetR-large-scale.coco-segmentation/Stone Burg,8,6.261918956021118,207,30.874953891552934,6.157067756060885,39.419402434526006,16.290136590614786,177.77462191073406,42.087888641964696,False
DetR-large-scale.coco-segmentation/Stone Burg,9,6.4008555251267385,198,31.90414683888511,7.3346483501470345,38.566961250849765,16.627382637579274,181.10910944935418,40.67168867458048,False
DetR-large-scale.coco-segmentation/Stone Burg,10,5.65446021768598,244,29.6921875,5.766492778530443,41.0675,15.409893534674403,180.139375,40.24120182859075,True
DetR-large-scale.coco-segmentation/Stone Burg,11,3.1814197747726465,588,29.291387441052372,7.529505313869043,41.32241250930752,15.969909858423671,181.42913874410524,39.441009166202996,True
DetR-large-scale.coco-segmentation/Stone Burg,12,5.919423671588201,192,32.64482501861504,13.645811696931617,35.13849590469099,15.859872228513883,179.4512285927029,40.43855413851634,False
DetR-large-scale.coco-segmentation/Stone Burg,13,5.252768247846813,250,30.76923076923077,7.330983060369497,40.96630642085187,13.810110226316223,172.60521296884934,32.76363400857678,False
DetR-large-scale.coco-segmentation/Stone Burg,14,5.554211156930657,203,32.064516129032256,4.987592101385114,36.21134593993326,13.52592003240866,177.97367445309604,38.97490294128992,False
DetR-large-scale.coco-segmentation/Stone Burg,15,5.8377928772258985,251,32.169411108010046,5.037957166141955,39.00530281886687,11.234154335082831,164.3293329612057,34.72973434937516,True
DetR-large-scale.coco-segmentation/Stone Burg,16,6.844854880823948,192,30.024830699774267,7.457740515354652,37.60141889712996,15.843084890403091,180.54885520799743,42.42576781923829,False
DetR-large-scale.coco-segmentation/Stone Burg,17,4.465509389521066,155,32.697450034458996,6.379248996301005,35.132322536181945,14.257612958449664,184.0199862164025,39.56094688627598,False
DetR-large-scale.coco-segmentation/Stone Burg,18,4.168753869251642,422,30.952477763659466,6.2428228339153975,36.178907242693775,17.38301650596185,189.01092757306228,43.20889988479186,True
DetR-large-scale.coco-segmentation/Stone Burg,19,6.313528465343076,194,30.98714043993232,7.2397546802142685,37.4,14.77294825009551,177.9773265651438,40.63624898120177,False
DetR-large-scale.coco-segmentation/Stone Burg,20,4.926756709633903,150,32.23803604723431,6.929092710350485,36.187072715972654,14.138458786251189,183.63144810441267,40.80765146515877,False
DetR-large-scale.coco-segmentation/Stone Burg,21,4.52965937637602,158,32.0878612716763,6.283598481499928,36.6757225433526,13.090593197341285,181.04277456647398,40.202758041600724,False
DOS-semicon.coco-segmentation/Gold Ton,0,6.400396112130824,305,0.0,0.0,0.0,0.0,117.58230088495576,34.71271280243246,False
DOS-semicon.coco-segmentation/Gold Ton,1,6.425564227409427,272,0.0,0.0,0.0,0.0,127.86555250685957,41.81528390161677,False
DOS-semicon.coco-segmentation/Gold Ton,2,6.950240731849255,371,0.0,0.0,0.0,0.0,124.49173630454968,44.372391983497465,False
DOS-semicon.coco-segmentation/Gold Ton,3,7.918944937473233,278,0.0,0.0,0.0,0.0,136.23156636110005,48.81977519772492,False
DOS-semicon.coco-segmentation/Gold Ton,4,6.546877467459813,369,0.0,0.0,0.0,0.0,121.19026202581149,43.5076937150994,False
DOS-semicon.coco-segmentation/Gold Ton,5,6.838263205334388,289,0.0,0.0,0.0,0.0,122.51712810886907,36.586873435073926,False
DOS-semicon.coco-segmentation/Gold Ton,6,6.625328608356543,377,0.0,0.0,0.0,0.0,118.78784290507204,39.015886233071704,False
DOS-semicon.coco-segmentation/Gold Ton,7,3.760155400468275,926,0.0,0.0,0.0,0.0,156.08263941458492,55.681020893202394,True
UNISEM-ZN1461.coco-segmentation/Green Ton,0,8.126091268845604,313,0.0,0.0,0.0,0.0,109.55099648300117,86.40186379308373,True
UNISEM-ZN1461.coco-segmentation/Green Ton,1,5.668704112298235,168,0.0,0.0,0.0,0.0,190.212232096184,72.70391167972441,False
UNISEM-ZN1461.coco-segmentation/Green Ton,2,5.290872789762017,323,0.0,0.0,0.0,0.0,162.66178464876594,64.71882655639911,False
UNISEM-ZN1461.coco-segmentation/Green Ton,3,5.826637268351475,333,0.0,0.0,0.0,0.0,205.40663998116318,61.228996788614594,False
UNISEM-ZN1461.coco-segmentation/Green Ton,4,5.277494427063399,314,0.0,0.0,0.0,0.0,168.35134393856282,63.179191496748814,False
UNISEM-ZN1461.coco-segmentation/Green Ton,5,5.286022113276173,305,0.0,0.0,0.0,0.0,176.9426160337553,63.35212311471734,False
UNISEM-ZN1461.coco-segmentation/Green Ton,6,5.564361183105535,469,0.0,0.0,0.0,0.0,135.32147612706868,77.4878818206795,False
UNISEM-ZN1461.coco-segmentation/Green Ton,7,4.9834035434995965,366,0.0,0.0,0.0,0.0,146.04027926960256,72.88792648741043,False
UNISEM-ZN1461.coco-segmentation/Green Ton,8,5.142875178796491,411,0.0,0.0,0.0,0.0,99.80927152317881,54.226878493279976,False
UNISEM-ZN1461.coco-segmentation/Green Ton,9,5.569331838850113,447,0.0,0.0,0.0,0.0,191.68523076923077,73.92518877700601,False
UNISEM-ZN1461.coco-segmentation/Green Ton,10,6.824082117338408,532,0.0,0.0,0.0,0.0,195.55875102711585,70.25201318725618,False
UNISEM-ZN1461.coco-segmentation/Green Ton,11,6.500477216031254,626,0.0,0.0,0.0,0.0,199.61241379310346,66.11290330811963,False
UNISEM-ZN1461.coco-segmentation/Green Ton,12,6.1093498707231895,472,0.0,0.0,0.0,0.0,198.85169618733113,72.40601468834683,False
UNISEM-ZN1461.coco-segmentation/Green Ton,13,5.585446311211761,393,0.0,0.0,0.0,0.0,102.59485900633032,79.02340847700927,True
UNISEM-ZN1461.coco-segmentation/Green Ton,14,5.883274510215396,289,0.0,0.0,0.0,0.0,126.80665051750715,60.85544519695734,False
UNISEM-ZN1461.coco-segmentation/Green Ton,15,5.28473557373817,250,0.0,0.0,0.0,0.0,64.07231288688801,65.11301895877457,True
UNISEM-ZN1461.coco-segmentation/Green Ton,16,5.852126541968538,272,0.0,0.0,0.0,0.0,129.6,81.62612080163005,False
UNISEM-ZN1461.coco-segmentation/Green Ton,17,5.919278672445071,264,0.0,0.0,0.0,0.0,151.27855153203342,79.25247961878634,False
UNISEM-ZN1461.coco-segmentation/Green Ton,18,5.613298191365743,267,0.0,0.0,0.0,0.0,157.27241179872757,76.66223792808778,False
UNISEM-ZN1461.coco-segmentation/Green Ton,19,5.567442638869911,278,0.0,0.0,0.0,0.0,178.77014366021237,79.58498069561648,False
UNISEM-ZN1461.coco-segmentation/Green Ton,20,5.4137853684565735,252,0.0,0.0,0.0,0.0,148.82781456953643,73.07999029774604,True
UNISEM-ZN1461.coco-segmentation/Green Ton,21,5.645454983530873,265,0.0,0.0,0.0,0.0,181.1382730455076,77.20425646699083,False
UNISEM-ZN1461.coco-segmentation/Green Ton,22,4.608897502517812,261,0.0,0.0,0.0,0.0,172.83438016528925,67.74759676616588,False
UNISEM-ZN1461.coco-segmentation/Green Ton,23,5.1903096838725915,408,0.0,0.0,0.0,0.0,177.64724849527084,74.1547702550994,False
fariq-generalize-dos.coco-segmentation/Pine Mill,0,5.1133633156527365,458,0.0,0.0,0.0,0.0,148.5413458319384,35.49015736933767,False
fariq-generalize-dos.coco-segmentation/Pine Mill,1,4.783153496176518,421,0.0,0.0,0.0,0.0,146.78652204015694,37.14893376867434,False
fariq-generalize-dos.coco-segmentation/Pine Mill,2,5.049946012593089,435,0.0,0.0,0.0,0.0,142.77149101505586,41.84413936601468,True
fariq-generalize-dos.coco-segmentation/Pine Mill,3,5.5587284267159225,387,0.0,0.0,0.0,0.0,160.9432525951557,54.193718997770596,True
fariq-generalize-dos.coco-segmentation/Pine Mill,4,6.371700719979871,587,0.0,0.0,0.0,0.0,146.82316399779128,48.948118886240586,True
fariq-generalize-dos.coco-segmentation/Pine Mill,5,4.878879757730361,383,0.0,0.0,0.0,0.0,139.0244689432643,37.629813935683224,False
fariq-generalize-dos.coco-segmentation/Pine Mill,6,5.5470285394341685,440,0.0,0.0,0.0,0.0,141.2758693808312,40.98556318660751,False
fariq-generalize-dos.coco-segmentation/Pine Mill,7,5.026373880057776,398,0.0,0.0,0.0,0.0,140.80598555211557,38.41143197783736,False
fariq-generalize-dos.coco-segmentation/Pine Mill,8,4.524089774415971,434,0.0,0.0,0.0,0.0,137.80389576204263,38.90753782617673,False
fariq-generalize-dos.coco-segmentation/Pine Mill,9,5.099980440264237,399,0.0,0.0,0.0,0.0,144.13490035769036,39.32246433636511,False
fariq-generalize-dos.coco-segmentation/Pine Mill,10,4.531754381836456,437,0.0,0.0,0.0,0.0,143.81224593495935,40.00132190951471,False
fariq-generalize-dos.coco-segmentation/Pine Mill,11,4.847920729963361,378,0.0,0.0,0.0,0.0,144.20600053576212,38.146349877774526,False
fariq-generalize-dos.coco-segmentation/Pine Mill,12,3.956757843885181,958,0.0,0.0,0.0,0.0,164.2964918898529,53.07681798188427,True
fariq-generalize-dos.coco-segmentation/Pine Mill,13,4.527206851450711,382,0.0,0.0,0.0,0.0,146.67699744100085,39.412161484402404,False
fariq-generalize-dos.coco-segmentation/Pine Mill,14,4.561868815664116,429,0.0,0.0,0.0,0.0,146.60113081470058,40.69629432626648,True
fariq-generalize-dos.coco-segmentation/Pine Mill,15,4.8533772969177615,383,0.0,0.0,0.0,0.0,142.7066271551724,38.879266858129434,False
fariq-generalize-dos.coco-segmentation/Pine Mill,16,4.918290719325021,420,0.0,0.0,0.0,0.0,140.92950456001972,38.381373856130956,False
fariq-generalize-dos.coco-segmentation/Pine Mill,17,4.203423871120169,385,0.0,0.0,0.0,0.0,141.53122116271916,38.47571541944925,False
fariq-generalize-dos.coco-segmentation/Pine Mill,18,5.012774308131554,377,0.0,0.0,0.0,0.0,145.42993884605158,39.85333984572431,True
fariq-generalize-dos.coco-segmentation/Pine Mill,19,3.339893014492923,1253,0.0,0.0,0.0,0.0,172.76851130163678,46.41492611572793,True
fariq-generalize-dos.coco-segmentation/Pine Mill,20,5.375136591846471,378,0.0,0.0,0.0,0.0,145.95972986493246,40.022562785171694,True
fariq-generalize-dos.coco-segmentation/Pine Mill,21,5.093043144695177,432,0.0,0.0,0.0,0.0,142.9263774912075,40.14175025005372,False
fariq-generalize-dos.coco-segmentation/Pine Mill,22,4.427600719921913,364,0.0,0.0,0.0,0.0,140.36582430806257,38.17356633272274,False
fariq-generalize-dos.coco-segmentation/Pine Mill,23,4.803913085342977,415,0.0,0.0,0.0,0.0,144.3995938055344,40.89054063741675,False
fariq-generalize-dos.coco-segmentation/Pine Mill,24,5.260684598718419,377,0.0,0.0,0.0,0.0,143.23019057171516,38.339901086331984,False
fariq-generalize-dos.coco-segmentation/Pine Mill,25,5.289958959454024,412,0.0,0.0,0.0,0.0,143.416704493872,39.481819883970154,False
fariq-generalize-dos.coco-segmentation/Pine Mill,26,5.211329477011912,380,0.0,0.0,0.0,0.0,145.90743966160736,38.89215912867913,False
fariq-generalize-dos.coco-segmentation/Pine Mill,27,5.265739657927108,423,0.0,0.0,0.0,0.0,141.1424352567015,39.608980703386074,False
DOS-semicon.coco-segmentation/Port Springshire,0,3.8637380186121035,1707,0.0,0.0,0.0,0.0,157.34249935450555,57.677857651442544,True
DOS-semicon.coco-segmentation/Port Springshire,1,4.079658151284905,488,0.0,0.0,0.0,0.0,129.88306451612902,38.40277386938878,False
DOS-semicon.coco-segmentation/Port Springshire,2,5.432938686135361,639,0.0,0.0,0.0,0.0,155.05516285516285,67.25029019167117,True
DOS-semicon.coco-segmentation/Port Springshire,3,3.966149204596584,488,0.0,0.0,0.0,0.0,188.04931379390555,65.76047088788977,True
DOS-semicon.coco-segmentation/Port Springshire,4,3.985686134127057,989,0.0,0.0,0.0,0.0,132.59760578404646,43.86631407949121,True
DOS-semicon.coco-segmentation/Port Springshire,5,3.801042685198119,1300,0.0,0.0,0.0,0.0,156.08400285663274,55.990412206014845,True
DOS-semicon.coco-segmentation/Port Springshire,6,3.59905606045897,491,0.0,0.0,0.0,0.0,112.29801684324912,37.211168133082936,False
DOS-semicon.coco-segmentation/Port Springshire,7,3.8558975435336533,482,0.0,0.0,0.0,0.0,107.24115838031778,33.66223547039328,False
DOS-semicon.coco-segmentation/Port Springshire,8,5.194804018405835,515,0.0,0.0,0.0,0.0,133.61953777432512,53.042410530777154,False
DOS-semicon.coco-segmentation/Port Springshire,9,4.450347929514546,184,0.0,0.0,0.0,0.0,99.86020036429872,28.736809609865553,False
DetR-large-scale.coco-segmentation/Glen Springstead,0,4.535045608316043,289,24.742227042660883,36.916142723666965,80.26319595083153,41.818196165000984,120.17028199566161,51.9721503276694,False
DetR-large-scale.coco-segmentation/Glen Springstead,1,3.6829292899243375,261,41.284537968892955,53.17037048079185,79.7868252516011,41.13172922927412,110.59103385178408,47.2748692123092,True
DetR-large-scale.coco-segmentation/Glen Springstead,2,3.946996799224824,280,34.195083267248215,47.17217530841377,63.95202220459952,32.89772917283329,157.24742268041237,47.937118507353304,False
DetR-large-scale.coco-segmentation/Glen Springstead,3,4.35465353043532,334,24.430452397029036,35.072396299256624,51.89635381498987,31.0174809712288,178.60364618501012,51.959811122159664,False
DetR-large-scale.coco-segmentation/Glen Springstead,4,4.031980635319973,321,21.541396413582603,31.40420144146218,64.23464326592904,54.221973349299994,205.08355589469667,56.13531065514726,True
DetR-large-scale.coco-segmentation/Glen Springstead,5,4.30208484542688,295,24.61560183551006,36.26789948624923,53.74479350511825,31.80440401843665,181.4249911754324,53.95451245511582,False
DetR-large-scale.coco-segmentation/Glen Springstead,6,3.497098496680971,627,30.23167801361634,43.77148525253747,64.36283540248299,36.49635720667707,196.34321185422507,55.96892863136602,True
DetR-large-scale.coco-segmentation/Glen Springstead,7,2.8586321705094284,603,32.834766254701776,47.375775458362725,63.54836109618485,37.45171993247808,177.92289091886082,55.0377889567148,True
DetR-large-scale.coco-segmentation/Glen Springstead,8,5.960781380099621,388,30.318501170960186,45.19972203877705,81.21857923497268,51.135504406821426,170.38251366120218,51.35717839106787,True
DetR-large-scale.coco-segmentation/Glen Springstead,9,4.0683687070250345,399,37.78134955111497,51.521276295003176,73.61627570228787,38.88997216414218,151.9377353026354,47.73558680520076,False
DetR-large-scale.coco-segmentation/Glen Springstead,10,4.262679121291027,275,34.63514976542764,50.751999732741496,64.58679177192349,34.241641772038676,138.8516780945507,53.37644728149666,False
DOS-semicon.coco-segmentation/Brook Heights,0,2.833335247345349,1503,0.0,0.0,0.0,0.0,155.79071038251365,72.10488278440843,True
DOS-semicon.coco-segmentation/Brook Heights,1,6.308403544627909,392,0.0,0.0,0.0,0.0,146.95066803699896,73.60279892544798,False
DOS-semicon.coco-segmentation/Brook Heights,2,7.845989139938023,416,0.0,0.0,0.0,0.0,138.1227098985106,77.1412860235636,True
DOS-semicon.coco-segmentation/Brook Heights,3,6.867404346661007,228,0.0,0.0,0.0,0.0,146.98053527980537,74.85959570839441,False
DOS-semicon.coco-segmentation/Brook Heights,4,9.843656097646646,412,0.0,0.0,0.0,0.0,125.06828334396937,73.16398386212319,True
DOS-semicon.coco-segmentation/Brook Heights,5,7.182659048898079,230,0.0,0.0,0.0,0.0,141.2793103448276,76.10266474828846,False
DOS-semicon.coco-segmentation/Brook Heights,6,6.535372833433018,265,0.0,0.0,0.0,0.0,134.2577858604228,75.91192607728057,False
DOS-semicon.coco-segmentation/Brook Heights,7,6.532981469451824,228,0.0,0.0,0.0,0.0,142.7703458799593,77.07392578685585,False
DOS-semicon.coco-segmentation/Brook Heights,8,6.194719252219444,1053,0.0,0.0,0.0,0.0,166.5174184323411,60.74509833758955,True
DOS-semicon.coco-segmentation/Brook Heights,9,6.5146108913095535,260,0.0,0.0,0.0,0.0,136.52047556142668,77.78142833299661,False
DOS-semicon.coco-segmentation/Brook Heights,10,6.393166793798477,222,0.0,0.0,0.0,0.0,140.33517640863613,75.28454766779116,False
DOS-semicon.coco-segmentation/Brook Heights,11,6.217874242358959,267,0.0,0.0,0.0,0.0,141.28524280999528,77.26403730506776,False
DOS-semicon.coco-segmentation/Brook Heights,12,6.172044242903996,244,0.0,0.0,0.0,0.0,142.70726193840068,74.59710891693238,False
DOS-semicon.coco-segmentation/Brook Heights,13,5.658077939716637,1109,0.0,0.0,0.0,0.0,175.6816753255083,61.048363172609356,True
DOS-semicon.coco-segmentation/Brook Heights,14,6.562130303665078,389,0.0,0.0,0.0,0.0,149.60441107461287,75.00697767802843,True
DOS-semicon.coco-segmentation/Brook Heights,15,6.621840675019492,497,0.0,0.0,0.0,0.0,162.03463933575506,76.4039718284977,False
DOS-semicon.coco-segmentation/Brook Heights,16,4.6304867088984905,1143,0.0,0.0,0.0,0.0,167.64702828964442,69.53980193808314,True
DOS-semicon.coco-segmentation/Brook Heights,17,6.003291669639125,394,0.0,0.0,0.0,0.0,142.11522048364154,79.37365643527104,True
DOS-semicon.coco-segmentation/Brook Heights,18,3.3539255099611855,1383,0.0,0.0,0.0,0.0,189.26597365355317,68.72122219243117,True
DOS-semicon.coco-segmentation/Brook Heights,19,6.788425943346772,204,0.0,0.0,0.0,0.0,131.0232892466935,67.86344471574014,False
DOS-semicon.coco-segmentation/Brook Heights,20,6.802712402502831,186,0.0,0.0,0.0,0.0,133.84160539215685,71.64460539514917,True
DOS-semicon.coco-segmentation/Brook Heights,21,7.1793886100535005,331,0.0,0.0,0.0,0.0,135.56732588134136,68.41434558137031,False
DetR-large-scale.coco-segmentation/Saint Pine,0,4.358771117854867,477,19.91594691384032,26.76570732971656,60.75900568780282,36.39792570577238,197.5432904992627,38.13051178197729,False
DetR-large-scale.coco-segmentation/Saint Pine,1,4.214774046121265,474,31.33208430913349,39.223084730160274,70.46861826697892,53.778492899663874,230.25971896955502,32.4831751501714,True
DetR-large-scale.coco-segmentation/Saint Pine,2,4.712198389221924,483,33.055039047973224,40.34671165994212,71.988657493492,50.35702637800792,236.92413536630718,30.057930454311954,True
DetR-large-scale.coco-segmentation/Saint Pine,3,4.780508691341979,540,25.30943827563684,31.59127397747466,74.513879817113,51.557881933356,237.49706074461136,26.52549808843464,True
DetR-large-scale.coco-segmentation/Saint Pine,4,9.459503893243822,629,22.698670212765958,32.32070672708208,75.42885638297872,49.42741150146033,222.49880319148937,38.722069531217144,True
DetR-large-scale.coco-segmentation/Saint Pine,5,4.061468156698423,474,29.347218934911243,43.26608365942377,80.3831952662722,37.820818933754715,198.29775147928993,37.10163054404745,False
DetR-large-scale.coco-segmentation/Saint Pine,6,4.930954114492684,471,31.16944855271498,44.51421028189841,81.44453834777097,39.73395757536554,198.91950137333615,39.30401889278891,False
DetR-large-scale.coco-segmentation/Saint Pine,7,4.5509525709742205,476,34.466091540857896,47.43437317427,79.3644859813084,40.839614339588046,197.54229571052002,38.141191481291344,False
DetR-large-scale.coco-segmentation/Saint Pine,8,3.960236329861931,475,34.342568617296735,47.99334760381311,72.97980321077162,40.82884925260802,188.14785085447954,35.27745533312244,False
DetR-large-scale.coco-segmentation/Saint Pine,9,3.3243887744205556,617,17.417153996101366,27.440164929827077,73.07602339181287,53.6871272039967,211.34372969460688,45.448777778439386,True
DetR-large-scale.coco-segmentation/Saint Pine,10,3.96189682442608,483,30.292465156794425,46.593935455968065,64.06968641114983,37.58619507452713,180.89176829268294,31.326304781499285,False
DetR-large-scale.coco-segmentation/Saint Pine,11,4.400840502742135,523,18.873447204968944,27.944277849217958,64.02387422360249,38.399062204148855,189.503299689441,33.181869745318444,False
DetR-large-scale.coco-segmentation/Saint Pine,12,3.811288840533829,534,27.94260267194458,40.38029475876229,66.58312716476992,50.69492968154003,226.0799109351806,41.60523814212489,True
DetR-large-scale.coco-segmentation/Saint Pine,13,4.421805819767689,507,28.88451722671204,42.37091963206171,71.47915780518927,35.36752848192536,193.55806039982986,38.66655997604221,False
DetR-large-scale.coco-segmentation/Saint Pine,14,5.0585573535241295,514,34.135486265775796,46.104737558709274,72.23663697104676,37.42618393879939,195.793429844098,39.472761998092686,False
DetR-large-scale.coco-segmentation/Saint Pine,15,4.552883559016297,498,32.36312849162011,46.48701452215459,77.59277733439744,36.19541011228122,187.46907422186752,36.40378929727504,False
DetR-large-scale.coco-segmentation/Saint Pine,16,4.984976582217138,491,33.80856339890891,46.04117112959101,79.08331955695157,35.96678820823573,193.54736320052902,36.811280499808085,False
DetR-large-scale.coco-segmentation/Saint Pine,17,4.203904990260434,479,36.6323879627625,48.168445406483826,81.55812946525222,38.09338675363624,196.60705780471963,37.470004774882796,False
DetR-large-scale.coco-segmentation/Saint Pine,18,5.483481326651254,484,34.36628010704728,44.745654535506844,85.75557537912579,38.82485463955056,201.82265834076716,39.862072016390655,False
DetR-large-scale.coco-segmentation/Saint Pine,19,5.489161837793212,477,18.168481488814095,24.0915630392042,71.94476341318551,54.1861796835479,221.4927737081766,36.867660737882154,True
DetR-large-scale.coco-segmentation/Saint Pine,20,6.0271342685482185,644,23.164173379363252,31.340769876646704,85.45953202915229,43.209265075923064,206.9884925201381,45.50799652417578,True
DetR-large-scale.coco-segmentation/Saint Pine,21,4.927974117647907,479,36.17881322182397,47.11371346393076,79.68498606133015,38.72225345681216,184.66168857029072,44.88996283377862,False
DetR-large-scale.coco-segmentation/Saint Pine,22,5.177521626989887,471,33.48615916955017,46.20435630971853,68.21245674740484,39.55122626175683,191.84204152249134,39.83211477512189,False
DetR-large-scale.coco-segmentation/Saint Pine,23,4.892640489615406,476,27.480543441798055,39.590655893222575,73.01190875545119,40.65261840488454,183.33814156323382,38.8869293616447,False
DetR-large-scale.coco-segmentation/Saint Pine,24,1.893491676891656,224,15.793438639125151,21.531713437590305,73.25759416767922,26.54937375349667,170.0741190765492,32.704287915184516,False
DetR-large-scale.coco-segmentation/Lake Spring,0,5.401488050744477,446,0.0,0.0,0.0,0.0,201.0035228182546,46.455540050254164,True
DetR-large-scale.coco-segmentation/Lake Spring,1,4.863090438158581,425,0.0,0.0,0.0,0.0,147.35671981776764,36.94472068519289,False
DetR-large-scale.coco-segmentation/Lake Spring,2,5.049946012593089,435,0.0,0.0,0.0,0.0,142.77270519669742,41.84259935697183,False
DetR-large-scale.coco-segmentation/Lake Spring,3,5.933710159332879,390,0.0,0.0,0.0,0.0,144.22097378277152,40.62127502754683,False
DetR-large-scale.coco-segmentation/Lake Spring,4,3.8329793266642422,974,0.0,0.0,0.0,0.0,159.55651074589127,52.0486233815663,True
DetR-large-scale.coco-segmentation/Lake Spring,5,4.744516448630051,386,0.0,0.0,0.0,0.0,164.58690379951494,53.05055149716895,True
DetR-large-scale.coco-segmentation/Lake Spring,6,5.5470285394341685,440,0.0,0.0,0.0,0.0,141.27374893977947,40.98532906934565,True
DetR-large-scale.coco-segmentation/Lake Spring,7,5.062188123222448,391,0.0,0.0,0.0,0.0,141.0491255144033,38.626993859023884,False
DetR-large-scale.coco-segmentation/Lake Spring,8,4.520211931194785,433,0.0,0.0,0.0,0.0,137.92149631190728,39.08804537621742,False
DetR-large-scale.coco-segmentation/Lake Spring,9,5.16490588286199,399,0.0,0.0,0.0,0.0,143.73608662805339,39.31917261817752,False
DetR-large-scale.coco-segmentation/Lake Spring,10,4.6663176007142875,435,0.0,0.0,0.0,0.0,171.87204381379138,55.09693232689797,True
DetR-large-scale.coco-segmentation/Lake Spring,11,4.856876192416098,378,0.0,0.0,0.0,0.0,144.14870286172774,38.13724080811264,False
DetR-large-scale.coco-segmentation/Lake Spring,12,5.4759734142106335,439,0.0,0.0,0.0,0.0,143.26202749140893,40.659596889996045,False
DetR-large-scale.coco-segmentation/Lake Spring,13,5.092173448648885,387,0.0,0.0,0.0,0.0,145.64606029896123,40.77457710248393,False
DetR-large-scale.coco-segmentation/Lake Spring,14,4.561798047068917,429,0.0,0.0,0.0,0.0,146.60036073177017,40.733284975488424,False
DetR-large-scale.coco-segmentation/Lake Spring,15,6.423665322821544,569,0.0,0.0,0.0,0.0,144.3885842823,49.472928341628105,True
DetR-large-scale.coco-segmentation/Lake Spring,16,4.938367717039845,420,0.0,0.0,0.0,0.0,140.3849557522124,38.315832734968055,False
DetR-large-scale.coco-segmentation/Lake Spring,17,4.604904392096823,385,0.0,0.0,0.0,0.0,141.61994219653178,38.13967797235327,False
DetR-large-scale.coco-segmentation/Lake Spring,18,5.002615384127752,375,0.0,0.0,0.0,0.0,145.29925452609157,39.750250794289485,False
DetR-large-scale.coco-segmentation/Lake Spring,19,5.072466955481973,423,0.0,0.0,0.0,0.0,142.48752446183954,40.293539382700224,False
DetR-large-scale.coco-segmentation/Lake Spring,20,5.367200083909963,378,0.0,0.0,0.0,0.0,145.85077616424638,39.898830065672186,False
DetR-large-scale.coco-segmentation/Lake Spring,21,6.938857288801358,579,0.0,0.0,0.0,0.0,151.83797404560917,52.76120443840758,True
DetR-large-scale.coco-segmentation/Lake Spring,22,4.445385846112938,362,0.0,0.0,0.0,0.0,140.9913303437967,38.86778304224239,False
DetR-large-scale.coco-segmentation/Lake Spring,23,4.849744900529784,415,0.0,0.0,0.0,0.0,144.4598484848485,40.91080349249187,False
DetR-large-scale.coco-segmentation/Lake Spring,24,5.260684598718419,377,0.0,0.0,0.0,0.0,143.22066198595786,38.34456769842407,False
DetR-large-scale.coco-segmentation/Lake Spring,25,5.289958959454024,412,0.0,0.0,0.0,0.0,143.41080344984113,39.48127237445493,False
DetR-large-scale.coco-segmentation/Lake Spring,26,3.850793588142147,1388,0.0,0.0,0.0,0.0,168.8342006830379,54.753238586669866,True
DetR-large-scale.coco-segmentation/Lake Spring,27,5.307651629197774,419,0.0,0.0,0.0,0.0,141.28448471121177,39.73054966826985,False
fariq-generalize-dos.coco-segmentation/East Lakeville,0,3.5387763440298277,895,31.187140756583343,38.09202374272825,66.99144499398476,36.70457690958215,195.51410239272823,52.58455836966754,True
fariq-generalize-dos.coco-segmentation/East Lakeville,1,4.20551969721554,315,29.035225718194255,39.04128690709599,85.79001367989056,29.955422126454746,179.17612859097127,43.77740413480875,False
fariq-generalize-dos.coco-segmentation/East Lakeville,2,4.293545006235976,278,27.707261724659606,32.40437707737413,88.23449319213313,35.95081220175055,207.88313161875945,57.8827159672223,True
fariq-generalize-dos.coco-segmentation/East Lakeville,3,4.391780120117214,367,27.291531823085222,37.332386481358775,84.60140237324703,30.356453335172787,159.41963322545845,44.21729421306319,False
fariq-generalize-dos.coco-segmentation/East Lakeville,4,6.0756746353612305,553,23.86048537647791,29.314466938465316,93.94523957685128,34.64327213681202,168.38070939639078,59.78630521465987,True
fariq-generalize-dos.coco-segmentation/East Lakeville,5,3.2105825106144152,889,34.97151277013752,43.54972578474535,86.71218074656188,41.66710602152134,193.98737019365703,53.44625286636768,True
fariq-generalize-dos.coco-segmentation/East Lakeville,6,4.429695153074675,311,58.11176298034614,60.17224815495316,57.20035200938692,35.26560228440095,184.76591375770022,41.7279150081752,True
fariq-generalize-dos.coco-segmentation/East Lakeville,7,4.581300766760016,306,42.027955540586056,48.04640411480478,53.868979454361735,40.65332089966349,188.82452004041764,47.76405598110292,True
fariq-generalize-dos.coco-segmentation/East Lakeville,8,6.040326573134298,400,40.93784946236559,48.92661399142097,80.32129032258065,47.231422910632546,177.4025806451613,49.55746608688921,True
fariq-generalize-dos.coco-segmentation/East Lakeville,9,6.860094211834852,188,45.53728362183755,49.90804068195661,57.948402130492674,39.912750225994266,188.45705725699068,56.62253677851019,True
fariq-generalize-dos.coco-segmentation/East Lakeville,10,4.296739927497607,324,53.03437094682231,57.73543228897843,51.10505836575876,29.693833076779843,173.72535667963683,36.38534208149891,True
fariq-generalize-dos.coco-segmentation/East Lakeville,11,4.367368760978345,271,44.440942269409426,53.0556824214056,46.18347710683477,32.45005113349843,167.11844724618447,36.84963219550455,False
fariq-generalize-dos.coco-segmentation/East Lakeville,12,2.6910264069660803,1018,31.534913723592968,40.6607907180723,57.63457506853733,41.24149391533408,185.43267214965329,54.92668896996643,True
fariq-generalize-dos.coco-segmentation/East Lakeville,13,4.385132609090543,247,38.04311427375471,49.46209849594287,43.78652155713688,26.097693958820308,160.8894935119297,42.31089871385021,False
fariq-generalize-dos.coco-segmentation/East Lakeville,14,4.208430221005904,252,56.30919931856899,58.24389740460798,62.126064735945484,34.392641422295895,167.15247018739353,41.21516347208941,True
fariq-generalize-dos.coco-segmentation/East Lakeville,15,4.224670523310341,234,60.418772563176894,59.96630555924223,61.47172081829122,34.80956879293128,163.00160449257922,35.00219461105352,False
fariq-generalize-dos.coco-segmentation/East Lakeville,16,4.669240022258432,277,58.22952892823269,60.86620333311277,54.121719886184,32.32138905239474,173.47644641163453,41.11867187943416,False
fariq-generalize-dos.coco-segmentation/East Lakeville,17,3.878617814935873,655,27.710953011250826,31.85082711288297,67.69358041032429,36.8571897188441,212.31800132362673,44.3210804655753,True
fariq-generalize-dos.coco-segmentation/East Lakeville,18,3.930788825336278,466,33.05558107487368,39.21103682226537,52.080156178226915,35.68678186633825,214.07372531005973,41.7821342978115,True
fariq-generalize-dos.coco-segmentation/East Lakeville,19,4.132046675775345,345,49.36656311776334,56.68857985905911,64.67692742163231,30.10769713859977,190.8780005648122,42.3285627978962,False
fariq-generalize-dos.coco-segmentation/East Lakeville,20,4.059231752379991,300,57.04977711738484,58.86845123213607,74.12295690936106,34.53815589967992,177.35364041604754,41.5944267322822,False
fariq-generalize-dos.coco-segmentation/East Lakeville,21,4.239559850890428,158,61.27279151943463,58.450031224610555,83.83180212014135,39.63752700319536,172.55689045936396,44.585116678102516,False
fariq-generalize-dos.coco-segmentation/East Lakeville,22,4.486131639881451,146,62.28410689170183,58.887358329592274,82.70745428973277,40.24629081968906,175.42334739803096,43.589627865246236,True
fariq-generalize-dos.coco-segmentation/East Lakeville,23,4.238798192963276,276,54.96032992930086,58.077030521573626,68.04909662215239,33.2144408662709,170.586017282011,41.877836690755416,False
fariq-generalize-dos.coco-segmentation/East Lakeville,24,4.152814030030789,267,60.56177777777778,61.38207452013219,65.71022222222223,33.728636464114516,166.26577777777777,41.03209077397776,False
fariq-generalize-dos.coco-segmentation/East Lakeville,25,4.402554696149767,271,31.436591139668582,44.07669001775697,35.614474129184984,22.517647988165375,193.13662495772743,32.26536908896967,True
fariq-generalize-dos.coco-segmentation/East Lakeville,26,3.0364666824401487,548,40.290217391304346,50.095452496432316,34.54184782608696,21.460438548000255,181.37201086956523,48.81684301817101,True
fariq-generalize-dos.coco-segmentation/East Lakeville,27,2.474264804541937,587,51.45858514041948,59.95510355204991,42.64841805901173,24.591011377078154,166.68823320298614,44.15451161574824,True
fariq-generalize-dos.coco-segmentation/East Lakeville,28,3.73044177656531,334,42.03175653324512,53.745190189748044,56.297717499173004,33.173588160700284,153.040357260999,28.517656353938392,True
fariq-generalize-dos.coco-segmentation/East Lakeville,29,3.4571203707009226,666,36.88934911242603,46.19589307986336,43.219329388560155,31.234495501207867,185.51301775147928,42.79393457553659,True
fariq-generalize-dos.coco-segmentation/East Lakeville,30,3.55399782130427,205,64.58963585434174,64.06909089405474,43.273109243697476,22.145202757675126,154.8081232492997,43.855739971075394,True
fariq-generalize-dos.coco-segmentation/East Lakeville,31,3.8654352319187457,251,60.641125121241515,63.30884542551993,46.98351115421921,27.475316842330354,156.27982541222116,36.69053970110372,False
fariq-generalize-dos.coco-segmentation/East Lakeville,32,4.3117874690143765,313,49.691542288557216,54.17230223389067,75.03375977256574,36.2288577309323,181.74733475479744,48.524033842467595,False
fariq-generalize-dos.coco-segmentation/East Lakeville,33,4.944648655050724,284,54.785837057408045,55.577042851862004,72.18872464764524,36.57299331289959,185.85252664145756,46.48439317126688,False
fariq-generalize-dos.coco-segmentation/East Lakeville,34,4.910089134383684,280,49.54971181556196,54.249168773328364,71.17363112391931,34.54178394095454,193.3984149855908,47.65656494047561,False
fariq-generalize-dos.coco-segmentation/East Lakeville,35,4.0099075097288,352,28.532763532763532,37.12054556611185,51.83064260842038,41.394038356481964,212.68566001899336,36.44040897502998,True
fariq-generalize-dos.coco-segmentation/East Lakeville,36,4.454929017358532,320,48.95600676818951,54.988388091385644,63.57896221094191,35.511397209981965,179.57924421883814,41.4426336916762,True
fariq-generalize-dos.coco-segmentation/East Lakeville,37,5.16150577373177,464,33.58350951374207,40.077392133211085,53.16384778012685,40.117949824124786,219.73657505285414,39.1081975383269,True
fariq-generalize-dos.coco-segmentation/East Lakeville,38,5.131337352870831,177,53.874733475479744,60.96098564643128,37.09275053304904,18.987986626933072,178.25799573560766,30.1001803689455,False
fariq-generalize-dos.coco-segmentation/East Lakeville,39,2.8501005466687706,156,35.007554296506136,47.02342995413251,57.4466477809254,33.163140619524434,184.8470254957507,27.624065033256393,False
DOS-semicon.coco-segmentation/Santa Fairport,0,6.048119319215394,523,0.0,0.0,0.0,0.0,211.4997025580012,61.80855115392481,True
DOS-semicon.coco-segmentation/Santa Fairport,1,6.071850003191277,404,0.0,0.0,0.0,0.0,156.93357271095152,74.64086777478474,False
DOS-semicon.coco-segmentation/Santa Fairport,2,6.304316394218925,301,0.0,0.0,0.0,0.0,148.90788037546386,72.44735252519996,False
DOS-semicon.coco-segmentation/Santa Fairport,3,6.365366178266013,226,0.0,0.0,0.0,0.0,141.42725925925927,72.85830772863814,True
DOS-semicon.coco-segmentation/Santa Fairport,4,5.830215316998173,1015,0.0,0.0,0.0,0.0,158.608958090404,62.797331803860594,True
DOS-semicon.coco-segmentation/Santa Fairport,5,8.139431941260543,288,0.0,0.0,0.0,0.0,136.28276779773785,82.98595791278528,True
DOS-semicon.coco-segmentation/Santa Fairport,6,6.3625647038804045,1017,0.0,0.0,0.0,0.0,164.92621936122802,64.9784059839217,True
DOS-semicon.coco-segmentation/Santa Fairport,7,7.381713416673964,228,0.0,0.0,0.0,0.0,135.45512674126513,71.61448121191715,False
DOS-semicon.coco-segmentation/Santa Fairport,8,6.900706179350761,218,0.0,0.0,0.0,0.0,142.95647873392682,74.51845465479519,False
DOS-semicon.coco-segmentation/Santa Fairport,9,6.061165623498272,270,0.0,0.0,0.0,0.0,141.1570581257414,78.70073657677763,True
DOS-semicon.coco-segmentation/Santa Fairport,10,6.257638211992253,230,0.0,0.0,0.0,0.0,141.22384034519956,75.77489339744493,False
DOS-semicon.coco-segmentation/Santa Fairport,11,6.753656097119684,264,0.0,0.0,0.0,0.0,141.50516143202285,77.30861269267004,False
DOS-semicon.coco-segmentation/Santa Fairport,12,6.186585427889924,218,0.0,0.0,0.0,0.0,149.54562893943546,76.38349009437458,True
DOS-semicon.coco-segmentation/Santa Fairport,13,6.057199458770504,318,0.0,0.0,0.0,0.0,142.9612453733943,77.29027106176073,False
DOS-semicon.coco-segmentation/Santa Fairport,14,6.584777441960129,390,0.0,0.0,0.0,0.0,152.22043010752688,77.6430946417359,False
DOS-semicon.coco-segmentation/Santa Fairport,15,6.258787901344251,477,0.0,0.0,0.0,0.0,164.4007131102578,76.35828831747065,False
DOS-semicon.coco-segmentation/Santa Fairport,16,9.345100313745984,882,0.0,0.0,0.0,0.0,157.67648791985857,79.47623028082768,True
DOS-semicon.coco-segmentation/Santa Fairport,17,6.0679262462038075,394,0.0,0.0,0.0,0.0,127.69345238095238,66.10878299909689,False
DOS-semicon.coco-segmentation/Santa Fairport,18,6.388471801364517,194,0.0,0.0,0.0,0.0,130.2738379022646,66.16682005336001,False
DOS-semicon.coco-segmentation/Santa Fairport,19,6.606716398270704,185,0.0,0.0,0.0,0.0,123.4746387949585,67.16183673842976,False
DOS-semicon.coco-segmentation/Santa Fairport,20,6.90003754770755,324,0.0,0.0,0.0,0.0,136.9537899543379,68.62573409890356,False
DOS-semicon.coco-segmentation/Santa Fairport,21,7.118618255492837,238,0.0,0.0,0.0,0.0,148.70023419203747,80.35130753694038,True
DetR-large-scale.coco-segmentation/Santa Goldmount,0,8.404973485458095,412,22.73685625924432,18.69891239316569,85.91313701761463,43.58599999762668,208.27201828694365,42.41572287167309,True
DetR-large-scale.coco-segmentation/Santa Goldmount,1,5.1811535679027365,428,21.63177264363116,17.376875466185616,97.80556123492129,34.937196007126886,185.7176446534451,43.12954498053808,True
DetR-large-scale.coco-segmentation/Santa Goldmount,2,5.807701697111521,397,20.847897623400364,12.46850108657849,103.59341864716636,29.381160758357794,188.4036563071298,37.67734354992092,False
DetR-large-scale.coco-segmentation/Santa Goldmount,3,5.717290772906162,408,20.92503904216554,11.544252174238085,98.95453756723929,26.442254006673295,190.9665104980045,36.78542093774261,False
DetR-large-scale.coco-segmentation/Santa Goldmount,4,7.855011821043497,682,19.77228992944195,14.998314271857469,88.30307889672868,40.43927768573836,196.49318473380373,43.18408006132183,True
DetR-large-scale.coco-segmentation/Santa Goldmount,5,5.202733459846712,552,20.816769230769232,10.261704552917168,96.83523076923078,22.509985928143248,188.0286153846154,36.30559752887968,False
DetR-large-scale.coco-segmentation/Santa Goldmount,6,5.60352493812083,279,21.897263810015488,18.93169740128038,89.57666494579246,26.45763862943784,183.83066597831697,42.16601563790305,False
DetR-large-scale.coco-segmentation/Santa Goldmount,7,4.435840500591832,1130,30.182330668910392,33.54161530161731,67.71098022717712,46.580027549575064,200.7486748001683,50.442596649269724,True
DetR-large-scale.coco-segmentation/Santa Goldmount,8,5.851987842414164,320,23.653610771113833,22.494209015360237,96.82447980416157,26.359278114585244,190.62717258261935,45.51663766679621,False
DetR-large-scale.coco-segmentation/Santa Goldmount,9,4.9201400528362145,260,29.276736111111113,32.069653151163294,62.91388888888889,34.68838784871978,189.9909722222222,57.80519177614591,True
DetR-large-scale.coco-segmentation/Santa Goldmount,10,5.520647384973092,331,22.015687094750053,18.18630388276035,92.32399079690441,27.129378288797277,182.17109391340725,39.44059269932608,False
DetR-large-scale.coco-segmentation/Santa Goldmount,11,5.5231388375475285,301,22.481705778450667,20.96687258673469,94.01438304314912,26.777916659674734,177.15190512238203,43.24895962895771,False
DetR-large-scale.coco-segmentation/Santa Goldmount,12,5.897192403513457,272,21.355243938066025,16.031319982555658,93.05346187554777,27.67071525560683,184.30908559742915,41.522018232293874,False
DetR-large-scale.coco-segmentation/Santa Goldmount,13,5.418103411383379,275,21.24559748427673,14.929911603625424,95.45157232704402,26.1118032910922,188.38238993710692,43.186202861083316,False
DetR-large-scale.coco-segmentation/Santa Goldmount,14,5.146880414036499,259,19.919479606188467,12.284808189254367,96.30872011251758,25.033935783996785,180.87834036568213,40.40931533372833,False
DetR-large-scale.coco-segmentation/Santa Goldmount,15,5.71358637613143,259,21.580867566791152,18.019312677059,90.24877908646941,25.221936784810843,179.1921861534042,39.04878918283653,True
DetR-large-scale.coco-segmentation/Santa Goldmount,16,6.161050443508632,299,20.837308146399057,17.455796122082063,96.9133412042503,30.263889339066505,169.2642266824085,42.09929043462082,False
DetR-large-scale.coco-segmentation/Santa Goldmount,17,5.98124376486458,293,21.207110890104424,20.067702890737785,101.28170064644455,30.111230202008745,169.87493784186972,43.698955713109726,True
DetR-large-scale.coco-segmentation/Santa Goldmount,18,5.8770221375792655,290,21.6494978109709,18.636567545807605,98.38166366211692,27.84810522880502,172.9464331702292,42.57025780852117,False
DetR-large-scale.coco-segmentation/Santa Goldmount,19,6.035901247475802,327,21.82308457711443,17.920863752887673,85.26885572139304,24.26357660026434,180.3223880597015,36.54198357302734,False
DetR-large-scale.coco-segmentation/Santa Goldmount,20,6.230872437493042,335,20.685523809523808,12.632518881721577,90.82457142857143,25.251834182455568,183.80742857142857,33.95574798184842,False
DetR-large-scale.coco-segmentation/Santa Goldmount,21,5.50330646010346,742,22.632031004504032,19.56017464299334,72.71750288048602,39.531779766779245,194.69037393945743,43.975033559446196,True
DetR-large-scale.coco-segmentation/Santa Goldmount,22,5.8241751900166605,338,21.76028739386022,16.77780326605001,97.61789679947746,29.53841284525523,182.33333333333334,33.287394863470084,False
DetR-large-scale.coco-segmentation/Santa Goldmount,23,5.293082443438224,644,22.68373719710217,17.03403311344088,77.59955033724707,41.50772640466096,200.63002747939046,40.930160751332224,True
fariq-generalize-dos.coco-segmentation/Saint Goldport,0,4.576944740277742,570,34.294657026979365,49.2988265094116,63.87286192911303,38.371820883115404,168.13366249338742,40.442174875971304,False
fariq-generalize-dos.coco-segmentation/Saint Goldport,1,7.574875032263033,754,25.164142171565686,37.23473233287173,59.62627474505099,33.13027963078515,177.6602429514097,50.38007281369907,True
fariq-generalize-dos.coco-segmentation/Saint Goldport,2,6.115444098858862,1605,20.982074158958827,34.4281504338654,66.2747810428092,44.23029073295757,177.78697716296963,52.97005576331486,True
fariq-generalize-dos.coco-segmentation/Saint Goldport,3,5.954890100043359,447,37.145438255935495,49.60714764103151,57.307003135732415,33.57265271817236,178.51112438405255,52.55106438324029,True
fariq-generalize-dos.coco-segmentation/Saint Goldport,4,5.304359822188511,294,33.4083891639965,41.99429669567278,58.75356830760268,30.52062817481528,188.38683367317216,52.000476943526365,True
fariq-generalize-dos.coco-segmentation/Saint Goldport,5,5.080111126306246,310,35.627450980392155,44.486724658695685,67.06230234029096,31.504097132416035,189.46046805819103,50.27892963127109,True
fariq-generalize-dos.coco-segmentation/Saint Goldport,6,5.125701242477877,309,52.467366628830874,57.719706215242205,71.96424517593644,35.77866398438357,191.40749148694664,48.46839440318725,False
fariq-generalize-dos.coco-segmentation/Saint Goldport,7,5.306526436771911,319,54.555656313761055,59.420383105849496,71.39696214010428,35.34974690863856,190.0793470868284,45.20891385282717,False
fariq-generalize-dos.coco-segmentation/Saint Goldport,8,4.944922866875216,397,21.33695652173913,26.48129233166832,70.45692431561997,49.72607489554772,206.38385668276973,38.71119423421398,True
fariq-generalize-dos.coco-segmentation/Saint Goldport,9,4.571785675611242,694,40.337527114967465,54.728663782683256,95.63065798987708,44.36371837874337,194.67534345625452,37.632796242231294,False
fariq-generalize-dos.coco-segmentation/Saint Goldport,10,4.780551773320838,703,39.97716959727737,54.93896645044742,97.14208735110607,48.23143832905072,180.69115144639818,40.57349676571218,False
fariq-generalize-dos.coco-segmentation/Saint Goldport,11,5.212877272689549,722,38.30266089920042,53.26306423587513,94.00681609647398,49.26400458549404,182.64254817145104,37.46086038699253,False
fariq-generalize-dos.coco-segmentation/Saint Goldport,12,5.863966649475806,602,37.299829418711454,53.62150896388134,78.57735205353629,49.62994095664679,166.84870751869835,43.75502379504201,False
fariq-generalize-dos.coco-segmentation/Saint Goldport,13,5.825633101782464,590,44.746009906439184,57.834035049537,90.07058337919648,54.031685691944254,176.19042377545404,44.74814320129392,False
fariq-generalize-dos.coco-segmentation/Saint Goldport,14,6.631479743530985,740,40.20391501082038,53.53796798307437,78.7113909108794,53.692755406782645,168.90901042691323,43.099054632268306,True
fariq-generalize-dos.coco-segmentation/Saint Goldport,15,4.903233050401548,583,53.14873366672044,62.46278436124656,73.33747378609453,43.17927828684776,182.7002742377803,39.83130079362677,False
fariq-generalize-dos.coco-segmentation/Saint Goldport,16,5.044639658383954,368,50.17723960565795,60.14055266070298,66.83154736390912,29.1857553382681,193.60758679811403,43.6180930269937,False
fariq-generalize-dos.coco-segmentation/Saint Goldport,17,5.574419417909677,329,50.525901942645696,57.93666615094483,66.38829787234043,29.00769877661105,190.36077705827938,49.06442268583457,False
fariq-generalize-dos.coco-segmentation/Saint Goldport,18,3.1019834913814957,679,56.38529784537389,58.88542363930129,61.31939163498099,34.698548150266404,191.96299112801015,52.09290374133484,True
fariq-generalize-dos.coco-segmentation/Saint Goldport,19,5.1656283279869655,324,55.796316964285715,59.66589762262711,59.946986607142854,32.74380533466542,194.15262276785714,50.87616134639388,False
fariq-generalize-dos.coco-segmentation/Saint Goldport,20,5.374071165943703,321,56.02029914529915,59.594611755911814,55.61965811965812,32.582859500302476,195.23370726495727,49.22890591840177,False
fariq-generalize-dos.coco-segmentation/Saint Goldport,21,5.175254948982745,310,26.353056098241698,39.60466225946762,42.24392966787608,31.439972910082737,210.2757465810773,46.56409326480558,True
fariq-generalize-dos.coco-segmentation/Saint Goldport,22,5.139879524646733,324,37.9448275862069,54.12126956440308,53.77027348394768,28.147049250228104,185.05160523186683,45.57114311512481,False
fariq-generalize-dos.coco-segmentation/Saint Goldport,23,4.4905710350608405,821,24.701311920380004,41.15633542177515,45.52714318027596,34.814310122169566,217.07939380230718,35.989744866133464,True
fariq-generalize-dos.coco-segmentation/Saint Goldport,24,4.855531185322937,700,26.883801836905093,39.46759156699047,78.37155580295018,40.92295535831078,180.47216810464792,37.777644476027106,False
fariq-generalize-dos.coco-segmentation/Saint Goldport,25,4.622496147672981,1185,23.90630021141649,37.966866806552396,79.25048625792812,54.206051213269966,200.48532769556024,46.27936649935729,True
fariq-generalize-dos.coco-segmentation/Saint Goldport,26,4.973259323594845,706,32.7934037692747,48.549370879553315,93.99428897772701,46.87535230639981,167.49157624214735,36.59985227575937,False
fariq-generalize-dos.coco-segmentation/Saint Goldport,27,5.469091891941228,584,42.90422245108136,57.147072917481914,72.06282183316169,46.20057240183351,166.92717375312637,44.51233304705905,False
DetR-large-scale.coco-segmentation/West Cedarland,0,8.21400843917702,432,0.0,0.0,0.0,0.0,138.6781622364803,59.3105408539183,True
DetR-large-scale.coco-segmentation/West Cedarland,1,6.241295799556133,307,0.0,0.0,0.0,0.0,117.84079218106996,34.40012250836552,False
DetR-large-scale.coco-segmentation/West Cedarland,2,8.777039385499222,368,0.0,0.0,0.0,0.0,133.2646793134598,60.02051757283241,True
DetR-large-scale.coco-segmentation/West Cedarland,3,6.904628628592293,368,0.0,0.0,0.0,0.0,145.31041550214272,69.28472812184047,True
DetR-large-scale.coco-segmentation/West Cedarland,4,5.812856897577135,345,0.0,0.0,0.0,0.0,117.94361170592434,36.26367221380429,False
DetR-large-scale.coco-segmentation/West Cedarland,5,7.252812040673536,370,0.0,0.0,0.0,0.0,123.26274086079597,42.06379875916488,False
DetR-large-scale.coco-segmentation/West Cedarland,6,7.187469804498079,276,0.0,0.0,0.0,0.0,136.5763694951665,44.47282470931007,False
DetR-large-scale.coco-segmentation/West Cedarland,7,8.011558543250324,258,0.0,0.0,0.0,0.0,154.7305988831119,63.90923678525361,True
DOS-semicon.coco-segmentation/Old Brookview,0,7.031642599757067,279,0.0,0.0,0.0,0.0,117.25527736867943,35.27175692265057,False
DOS-semicon.coco-segmentation/Old Brookview,1,6.9712573869703345,366,0.0,0.0,0.0,0.0,123.74856188532195,43.614848615299586,False
DOS-semicon.coco-segmentation/Old Brookview,2,6.856038621337491,290,0.0,0.0,0.0,0.0,135.18337028824834,48.332709982713425,False
DOS-semicon.coco-segmentation/Old Brookview,3,6.519313898075462,356,0.0,0.0,0.0,0.0,146.78982387475537,73.13339589460216,True
DOS-semicon.coco-segmentation/Old Brookview,4,7.129119001502042,290,0.0,0.0,0.0,0.0,145.37956531481066,60.31018301496348,True
DOS-semicon.coco-segmentation/Old Brookview,5,4.5050613307547795,912,0.0,0.0,0.0,0.0,148.42768124625525,65.4544811905553,True
DOS-semicon.coco-segmentation/Old Brookview,6,5.14700622814966,784,0.0,0.0,0.0,0.0,173.19415401911186,65.22298992219781,True
DOS-semicon.coco-segmentation/Old Brookview,7,6.228906974207408,338,0.0,0.0,0.0,0.0,123.9488862370724,43.722819409374765,False
DetR-large-scale.coco-segmentation/Rock Boro,0,4.413866214676717,303,26.68163005412289,38.690650723088574,51.50939191340338,40.104975960158626,185.1060171919771,43.8242041701586,True
DetR-large-scale.coco-segmentation/Rock Boro,1,4.88431905311808,129,50.03146853146853,55.51937596581598,51.73566433566434,30.129627649888008,178.1153846153846,41.42130428448982,False
DetR-large-scale.coco-segmentation/Rock Boro,2,5.041750346856155,273,52.56133964324718,57.145196679656706,60.242446305060064,34.15866174341107,165.18201674554058,44.800772392888,True
DetR-large-scale.coco-segmentation/Rock Boro,3,4.557152761357215,293,52.39493497604381,57.54914052024859,50.690965092402465,31.286787745512175,173.564681724846,40.35380944520487,False
DetR-large-scale.coco-segmentation/Rock Boro,4,4.617979130321652,299,39.94394110985277,52.96495802061621,50.862400906002264,34.236144194704345,176.77095130237825,39.78205666792955,False
DetR-large-scale.coco-segmentation/Rock Boro,5,6.7143207727004075,258,36.259377131166175,43.07901527808752,72.39622641509433,39.984579823130574,178.6337804046374,66.85388827783953,True
DetR-large-scale.coco-segmentation/Rock Boro,6,5.220540637701386,280,48.79829931972789,55.51233052795659,56.60884353741496,33.039113956696035,183.86054421768708,48.208415244478836,False
DetR-large-scale.coco-segmentation/Rock Boro,7,4.594923261711995,285,54.916194790486976,59.28010110509584,59.06681766704417,32.22304049467367,179.5402038505096,46.582804852474425,True
DetR-large-scale.coco-segmentation/Rock Boro,8,4.427616946271358,295,48.68222946073109,56.65034892305661,56.79478827361564,30.766599702257015,178.27868259138617,49.31201455031016,False
DetR-large-scale.coco-segmentation/Rock Boro,9,4.3231515427022815,305,44.513217866909756,55.20506830905869,49.1640838650866,32.90265096936979,176.13217866909753,42.09339611433664,False
DetR-large-scale.coco-segmentation/Rock Boro,10,4.381395557872216,313,47.56491431890793,56.5999927174652,50.6508858553587,34.94395481564791,172.9523671216962,41.24200936769978,False
DetR-large-scale.coco-segmentation/Rock Boro,11,3.211258259279996,305,35.35068980863373,49.22817574561463,46.61771250556297,27.57415550997422,164.48954161103694,37.49369627615468,False
DetR-large-scale.coco-segmentation/Rock Boro,12,2.9102821451091136,649,34.0896921017403,45.73262989166889,43.14725568942436,33.66600663145126,190.7496653279786,48.344362690480075,True
DetR-large-scale.coco-segmentation/Rock Boro,13,4.070849412925989,260,42.76787330316742,54.89133617320566,37.06153846153846,17.85344600587572,157.19819004524888,33.58266085119277,True
DetR-large-scale.coco-segmentation/Rock Boro,14,4.421739316689099,211,44.83123287671233,58.14634357449103,33.92054794520548,16.421560826356572,153.49260273972604,39.7600346609437,False
DetR-large-scale.coco-segmentation/Rock Boro,15,4.003251021039077,298,27.36574547935858,39.932525488574385,48.867280791538725,39.63957100293159,194.84680996247016,38.29680910653601,True
DetR-large-scale.coco-segmentation/Rock Boro,16,5.1308621760169295,455,27.90949759119064,37.009193245399466,50.27477632484515,34.365911317309354,189.59962147281487,44.8111302185104,True
DetR-large-scale.coco-segmentation/Rock Boro,17,4.661615353805619,242,27.444136291600636,28.202875532104244,82.2460380348653,35.235163169843936,214.43423137876385,55.2147732907048,True
DetR-large-scale.coco-segmentation/Rock Boro,18,4.722277143562939,254,21.005535055350553,22.77108055373228,81.96420664206642,25.666334203688965,181.45535055350553,39.33300960774946,False
DetR-large-scale.coco-segmentation/Rock Boro,19,4.098057007053443,346,22.83771790808241,28.562079143474108,86.29952456418384,27.439730523174248,160.17876386687797,38.43667349229682,False
DetR-large-scale.coco-segmentation/Rock Boro,20,4.402342636324827,289,25.06064474944143,27.588851774929864,79.73827002872646,29.65955020603602,183.3593999361634,59.03575473348675,True
DetR-large-scale.coco-segmentation/Rock Boro,21,6.288449313539628,623,27.51778955336866,31.534063975825504,87.05742402941495,35.748920927026326,174.00421758408132,61.12584444082821,True
DetR-large-scale.coco-segmentation/Rock Boro,22,4.6878270000776885,272,28.05413016270338,39.73492281610827,39.193679599499376,25.270805579180646,169.2083854818523,34.06535542632709,False
DetR-large-scale.coco-segmentation/Rock Boro,23,4.693508296088422,266,18.876678445229683,19.721057970686438,51.50565371024735,46.95012544168146,189.52014134275618,41.733270285747714,True
DetR-large-scale.coco-segmentation/Rock Boro,24,4.010737562068299,244,30.87975575387506,45.27296895422268,40.90652888680132,24.54068811304511,161.01080319398778,38.715573210063845,False
DetR-large-scale.coco-segmentation/Rock Boro,25,4.082179070960866,255,40.11805555555556,50.66329950814958,49.71050347222222,29.56253601283903,159.55946180555554,37.62571435814006,True
DetR-large-scale.coco-segmentation/Rock Boro,26,4.1280097105596,245,52.42170160295931,58.7361804689155,49.441019317714755,28.580887919071667,152.42252363337442,35.39205377611079,False
DetR-large-scale.coco-segmentation/Rock Boro,27,4.529256172093268,286,43.85957583547558,55.34557720374282,36.46015424164524,20.606868123466935,177.53213367609254,33.73386878434652,False
DetR-large-scale.coco-segmentation/Rock Boro,28,4.3044532964005,204,24.55465175394001,33.747182562823625,81.60447381799695,27.142830337948407,190.72394509405186,38.60570105085382,False
DetR-large-scale.coco-segmentation/Rock Boro,29,4.718180824151386,482,26.78194629594363,38.86645444823418,49.09693391734908,27.417331850840178,189.9462959436298,37.661662848269025,True
DetR-large-scale.coco-segmentation/Rock Boro,30,3.353528873468362,712,39.79398108340499,51.12441148399849,44.02287188306105,26.764101025518052,188.82785898538262,44.577297560023034,True
DetR-large-scale.coco-segmentation/Rock Boro,31,4.563955615546717,301,52.74189278623428,58.612256824185195,52.633355393778956,29.863110131334004,173.80079417604236,42.893478012636244,False
DetR-large-scale.coco-segmentation/Rock Boro,32,4.118131077390125,156,60.73338257016248,58.329000866030746,60.38478581979321,32.27943593351706,159.02067946824224,42.60191031991549,False
DetR-large-scale.coco-segmentation/Rock Boro,33,4.179997044218295,335,40.05128205128205,48.25560575649225,42.23293172690763,28.954719315063677,188.26258881680567,48.80464483934779,True
DetR-large-scale.coco-segmentation/Rock Boro,34,4.249872959091152,262,51.32199270959903,57.217536673252454,50.34831915755367,23.668584274115528,163.76589712434185,39.45894035952339,False
DetR-large-scale.coco-segmentation/Rock Boro,35,4.303956865680534,262,53.27133479212254,57.95443683982989,47.44332603938731,26.353047488163337,154.43063457330416,39.97407395894514,False
DetR-large-scale.coco-segmentation/Rock Boro,36,4.125248015460782,278,36.11992818671454,49.50112322678118,36.155475763016156,19.78960863816983,156.89766606822263,33.63824784485086,False
DetR-large-scale.coco-segmentation/Rock Boro,37,4.454593732003703,287,28.710403726708076,44.16842922506613,28.329968944099377,9.775498716398824,204.58074534161491,35.908426086933126,True
DetR-large-scale.coco-segmentation/Rock Boro,38,4.038333683642764,299,35.15686274509804,49.39184793511186,38.314950980392155,21.28493065998129,160.51021241830065,34.932250866619995,False
DetR-large-scale.coco-segmentation/Rock Boro,39,4.189046712646516,174,23.554397394136807,23.233655357029896,28.77785016286645,15.874164101833715,204.20781758957654,43.86345934740127,True
DetR-large-scale.coco-segmentation/Brook Ridge,0,4.542806221924986,317,47.19610027855153,53.5038382644288,61.581894150417824,34.02724380850263,177.34122562674094,38.56644593038334,False
DetR-large-scale.coco-segmentation/Brook Ridge,1,4.696168470722312,322,45.824452258588046,52.90356200681972,61.87503381119827,31.293407032048425,181.9388693535299,43.99104276150117,False
DetR-large-scale.coco-segmentation/Brook Ridge,2,4.488887497532792,244,39.25821799307958,48.504801441861574,49.62456747404844,31.649888653872715,168.55363321799308,37.95290145712525,False
DetR-large-scale.coco-segmentation/Brook Ridge,3,4.649673948384253,197,39.21498905908096,47.813096347447484,45.59901531728665,28.256455646143568,158.30962800875272,42.900645678623576,False
DetR-large-scale.coco-segmentation/Brook Ridge,4,4.2571295362538395,289,30.602797657774886,44.60858476485814,44.36174365647365,28.261694978813143,158.78139232270658,36.25419499044164,False
DetR-large-scale.coco-segmentation/Brook Ridge,5,4.027191541180951,326,30.75220700152207,42.95140539869158,52.67610350076104,32.25594643477836,154.2228310502283,30.71605556230017,False
DetR-large-scale.coco-segmentation/Brook Ridge,6,4.358938657452501,285,42.378210116731516,52.83532297615642,44.17859922178988,27.24835355720922,168.45408560311284,36.88130652845138,False
DetR-large-scale.coco-segmentation/Brook Ridge,7,3.5199187554372173,267,29.542010684798445,42.41842221274651,37.48421563865954,20.749836737372505,158.7542496357455,37.60680532637149,False
DetR-large-scale.coco-segmentation/Brook Ridge,8,4.2742624516892995,275,27.384296091317882,33.89549960506832,31.791075752334834,15.90970075965111,201.23106191629194,43.77065021624411,True
DetR-large-scale.coco-segmentation/Brook Ridge,9,4.306176537090224,262,53.40568927789934,57.1193036309268,51.30153172866521,29.206420299531544,168.29584245076586,44.377089178808596,False
DetR-large-scale.coco-segmentation/Brook Ridge,10,4.38775065715382,275,51.042682926829265,56.958716929591375,57.08422256097561,32.824902631687046,175.3532774390244,40.26041143092879,False
DetR-large-scale.coco-segmentation/Brook Ridge,11,6.528178266886184,232,44.98836477987421,47.528887506868074,60.107861635220125,41.85245874467312,191.387106918239,53.124952005553304,True
DetR-large-scale.coco-segmentation/Brook Ridge,12,4.722938322990508,159,64.7685534591195,58.50089945915499,65.77358490566037,34.89245373143058,172.15786163522012,47.155259260559056,False
DetR-large-scale.coco-segmentation/Brook Ridge,13,4.34346507440012,299,45.868998628257884,53.08815157140866,57.362825788751714,30.945304032631228,186.83230452674897,43.06018293299233,False
DetR-large-scale.coco-segmentation/Brook Ridge,14,3.621935279277227,673,33.532694848084546,41.44696983923001,43.810435931307794,30.234798850014677,195.33801188903567,47.33479071917255,True
DetR-large-scale.coco-segmentation/Brook Ridge,15,4.074004664031632,493,29.160035172565397,41.628789833182054,47.62870960650692,25.14300226457736,192.94086612442294,35.32882650458594,False
DetR-large-scale.coco-segmentation/Brook Ridge,16,4.269734031977427,216,25.68595450049456,34.614562588294234,73.46241345202769,25.740916439408874,196.07319485657766,43.42671878728218,True
DetR-large-scale.coco-segmentation/Brook Ridge,17,4.006778772156605,171,37.58976109215017,48.50563069539391,31.80273037542662,18.99926330668974,183.04778156996588,26.26936672598657,False
DetR-large-scale.coco-segmentation/Brook Ridge,18,5.095995528978446,284,40.27886771300449,51.73400601672515,43.430773542600896,24.710084116104305,188.27662556053812,34.51706364010606,False
DetR-large-scale.coco-segmentation/Brook Ridge,19,4.402332416675519,241,42.78267477203647,51.627986309299274,56.68465045592705,34.63333919569963,172.5604103343465,35.943695387779734,False
DetR-large-scale.coco-segmentation/Brook Ridge,20,4.693269164541861,254,42.07610753502461,50.6934484017569,57.79628928436198,35.02493515206389,174.97500946611132,38.9511696881818,True
DetR-large-scale.coco-segmentation/Brook Ridge,21,4.210260312970711,256,31.063996517196344,40.25462921276283,41.67174575533304,24.875103745981082,161.03134523291249,40.91606528502006,False
DetR-large-scale.coco-segmentation/Brook Ridge,22,4.686244244108663,257,31.124822190611663,42.0078109795055,44.55014224751067,25.76710669283102,163.94310099573258,40.132040672442855,False
DetR-large-scale.coco-segmentation/Brook Ridge,23,3.842065439117841,267,27.78745098039216,40.336587772273724,42.9443137254902,24.876211903074683,154.5121568627451,38.01361532727325,False
DetR-large-scale.coco-segmentation/Brook Ridge,24,4.469097741033044,307,48.80031496062992,55.83236833801257,45.624251968503934,31.728705960388048,171.02173228346456,41.04391157424149,False
DetR-large-scale.coco-segmentation/Brook Ridge,25,4.576027275711061,136,51.41970802919708,53.15626095528983,63.68832116788321,31.547136706962807,182.53065693430656,45.623972540445855,False
DetR-large-scale.coco-segmentation/Brook Ridge,26,5.080671285691728,272,56.58324304803178,54.98074472513035,63.51173708920188,36.678322461448374,171.63524738172626,47.32210457858266,False
DetR-large-scale.coco-segmentation/Brook Ridge,27,10.060722579214033,393,39.47244609017643,43.17046965098739,56.99008930516227,43.97450313979115,183.51317795687214,61.28397102064067,True
DetR-large-scale.coco-segmentation/Brook Ridge,28,4.744736790485601,305,44.06251698831204,52.412418362039006,63.079097580864364,35.23500100219793,186.96955694482196,43.68132699967793,False
DetR-large-scale.coco-segmentation/Brook Ridge,29,4.512821222585654,200,42.522644927536234,49.30056473164816,82.38722826086956,35.98651065609891,185.93704710144928,45.70677974293087,False
DetR-large-scale.coco-segmentation/Brook Ridge,30,4.956172443087021,281,51.21443661971831,54.95799422843032,64.75669014084507,30.848419007171426,184.44859154929577,45.72750156552091,True
DetR-large-scale.coco-segmentation/Brook Ridge,31,4.391277336000933,286,54.488390397481304,56.659247520605405,67.73593073593074,30.447959548427153,172.9874065328611,41.755927673461294,False
DetR-large-scale.coco-segmentation/Brook Ridge,32,4.694584569148133,311,30.676401477005708,35.27115532262152,46.24840550520309,29.20672219986931,210.56226921785833,45.635423479497824,True
DetR-large-scale.coco-segmentation/Brook Ridge,33,4.82325235936814,296,27.80557398805574,36.44641404856819,81.76708692767087,27.640384842856104,190.9313205043132,43.809152004853246,False
DetR-large-scale.coco-segmentation/Brook Ridge,34,6.099548484675585,435,24.697224558452483,28.191233909434562,82.9857022708158,33.38891247073856,170.39091673675358,60.96320155969256,True
DetR-large-scale.coco-segmentation/Brook Ridge,35,4.724320121546054,338,27.33544478105205,34.74139195736711,81.72294133847424,28.232838400316627,178.58358578903884,44.12048918451331,False
DetR-large-scale.coco-segmentation/Brook Ridge,36,4.21759335596333,352,28.742191936399774,28.530495705491926,72.26746166950596,34.457481272527744,190.2092561044861,57.52667400523169,True
DetR-large-scale.coco-segmentation/Brook Ridge,37,4.301967105104572,406,25.71081349206349,32.03846123252105,85.50049603174604,29.30761859466682,169.37772817460316,43.423840121188675,False
DetR-large-scale.coco-segmentation/Brook Ridge,38,3.7192199165943665,176,47.65159944367176,54.2092508061432,49.282336578581365,33.13103931194276,159.0146036161335,38.76842460560655,True
DetR-large-scale.coco-segmentation/Brook Ridge,39,3.0910214965520666,158,35.95644114921223,47.89648392246891,58.8433734939759,35.98705526357418,154.92029657089898,33.645774370613566,False
fariq-generalize-dos.coco-segmentation/Mount Clearford,0,5.751148187895229,585,45.01768421052632,59.31728279469561,71.83228070175439,40.75021829744753,168.2675087719298,47.25249255956799,False
fariq-generalize-dos.coco-segmentation/Mount Clearford,1,5.21365337804991,570,35.91457680250784,56.533520508825944,92.0166144200627,67.43380388039242,191.27727272727273,58.80519151658122,True
fariq-generalize-dos.coco-segmentation/Mount Clearford,2,8.725826677494513,795,32.26343050667375,47.50914715186069,66.44577993226642,47.87551957747697,186.66458596188326,49.350543214083935,True
fariq-generalize-dos.coco-segmentation/Mount Clearford,3,5.828597059118334,498,47.02252867285636,56.48933733450648,57.88776624795194,31.51325812172044,180.32878208629165,48.738586296712626,True
fariq-generalize-dos.coco-segmentation/Mount Clearford,4,5.28311108991205,327,59.962835343342356,60.30759081780508,62.195914349003196,32.05670451329285,192.78095003691854,50.37050284993068,False
fariq-generalize-dos.coco-segmentation/Mount Clearford,5,3.161334442053193,744,47.32857733664185,56.718419339325266,54.60070306038048,34.97804450681305,197.35008271298594,54.14875184430282,True
fariq-generalize-dos.coco-segmentation/Mount Clearford,6,5.267651489185611,298,35.012242626599885,47.02508672688102,48.82248191430161,29.78990962536293,200.9654980523094,51.881938987895474,True
fariq-generalize-dos.coco-segmentation/Mount Clearford,7,5.508105386459479,319,53.92722443559097,58.42873108384113,57.17529880478088,31.746615939068125,191.22948207171314,49.10751336798944,False
fariq-generalize-dos.coco-segmentation/Mount Clearford,8,5.164468929675054,327,53.46618625277162,59.560897572162844,55.4769955654102,30.32340505779843,193.26718403547673,50.71005914292321,False
fariq-generalize-dos.coco-segmentation/Mount Clearford,9,5.297002377649073,762,32.29962943356273,49.82837463601883,46.13086289041821,37.95045424766023,208.8382212811011,47.00900514309935,True
fariq-generalize-dos.coco-segmentation/Mount Clearford,10,5.3967613026815195,451,24.179624664879356,37.61578129166835,49.16514745308311,39.589193883457334,220.90259159964253,41.223343622443885,True
fariq-generalize-dos.coco-segmentation/Mount Clearford,11,5.544432524137288,835,20.6424406915963,32.49411372499982,80.08735424205871,52.16321032659477,190.07277844792924,47.246361425124796,True
fariq-generalize-dos.coco-segmentation/Mount Clearford,12,4.793987359565512,706,23.356744385638677,36.62242306164035,94.1434701759405,43.35966467335216,170.7402374481476,36.159270114597206,False
fariq-generalize-dos.coco-segmentation/Mount Clearford,13,5.567643436499223,1237,19.225533551240147,31.678034586193437,82.8123437800423,60.25314611305945,205.62475165032365,45.82503802688572,True
fariq-generalize-dos.coco-segmentation/Mount Clearford,14,5.238440985416514,708,24.82909990881855,39.45793937790657,94.31809300508012,45.720645109174846,174.66041422430638,37.201691265215544,False
fariq-generalize-dos.coco-segmentation/Mount Clearford,15,4.7806112125845726,692,24.52093917341755,38.16033432578338,94.16641493889881,44.67272219540009,184.0185363174516,36.70976095221686,False
fariq-generalize-dos.coco-segmentation/Mount Clearford,16,5.165328536593699,713,24.341054001301234,38.62094977526579,96.63552374756019,46.27643748707726,178.60546519193232,39.329050403682835,False
fariq-generalize-dos.coco-segmentation/Mount Clearford,17,3.1849434992928125,868,33.21446989231003,49.496332812284614,57.90050053086607,36.25273355038706,202.20294251478842,43.13186083298873,True
fariq-generalize-dos.coco-segmentation/Mount Clearford,18,5.177724674634763,329,43.49187180678123,56.420288948179866,64.04110543427775,33.856935574112555,189.69693450998608,46.939504849803356,False
fariq-generalize-dos.coco-segmentation/Mount Clearford,19,5.2514443416280105,306,50.14772103239978,57.431042924550695,62.65156507413509,35.80831279550312,193.52251510159252,50.63462884277408,False
fariq-generalize-dos.coco-segmentation/Mount Clearford,20,5.205130646605908,296,51.85392592592593,59.4296471355937,64.78637037037036,33.047624324487465,194.52414814814816,49.90170421472204,True
fariq-generalize-dos.coco-segmentation/Mount Clearford,21,5.544494068194911,329,52.754338394793926,58.53439908269544,62.726681127982644,34.49626066132612,185.23427331887203,51.48064624825409,True
fariq-generalize-dos.coco-segmentation/Mount Clearford,22,2.3382520693411877,1545,36.592554052491614,51.43903078758774,60.49809226500174,45.9183400745249,186.00797780090184,51.8056174242571,True
fariq-generalize-dos.coco-segmentation/Mount Clearford,23,2.5427597473964845,1607,31.290572855776386,46.77944484683134,59.436496970985225,39.789482573554054,183.25900733340418,50.83320416282556,True
fariq-generalize-dos.coco-segmentation/Mount Clearford,24,5.8137355598938,534,35.07910721853369,50.92013320967375,52.604322644441304,28.7199696868149,166.79389744314167,44.489841477400354,False
fariq-generalize-dos.coco-segmentation/Mount Clearford,25,5.339780601919969,575,41.33303397694956,57.74402738472772,60.68896871725789,34.47166106244231,171.26178715761114,43.16870469968362,True
fariq-generalize-dos.coco-segmentation/Mount Clearford,26,4.695762221498548,583,44.27393939393939,60.112357464825905,65.0604329004329,36.21365629119904,171.06181818181818,43.879900892343876,False
fariq-generalize-dos.coco-segmentation/Mount Clearford,27,5.484209533519562,612,47.407516891891895,63.05782064242319,69.33319256756756,38.632429045157565,162.24521396396398,44.765739149972816,True
DOS-semicon.coco-segmentation/Pine Fair,0,7.00197961940726,293,0.0,0.0,0.0,0.0,126.8347302815388,40.675221610190995,False
DOS-semicon.coco-segmentation/Pine Fair,1,6.250778317314603,341,0.0,0.0,0.0,0.0,123.13434930820132,40.74880127914793,False
DOS-semicon.coco-segmentation/Pine Fair,2,6.686861797681597,347,0.0,0.0,0.0,0.0,130.5369032939933,48.894888787157775,False
DOS-semicon.coco-segmentation/Pine Fair,3,7.590342550491337,375,0.0,0.0,0.0,0.0,127.71563981042654,48.43456795155761,False
DOS-semicon.coco-segmentation/Pine Fair,4,7.594946130355074,361,0.0,0.0,0.0,0.0,142.81099711445975,65.28562564066485,True
DOS-semicon.coco-segmentation/Pine Fair,5,12.069995689457334,499,0.0,0.0,0.0,0.0,139.6334422657952,58.82595126086426,True
DOS-semicon.coco-segmentation/Pine Fair,6,7.611496968796548,288,0.0,0.0,0.0,0.0,140.11696837079768,48.26897571762549,False
DOS-semicon.coco-segmentation/Pine Fair,7,7.544445951504017,283,0.0,0.0,0.0,0.0,144.3286902689108,50.798667834401705,False
DetR-large-scale.coco-segmentation/Brook Fair,0,7.258708623832807,300,0.0,0.0,0.0,0.0,116.59150449101796,86.50741467985732,True
DetR-large-scale.coco-segmentation/Brook Fair,1,4.811824847459466,165,0.0,0.0,0.0,0.0,162.0312883435583,82.17931689503166,True
DetR-large-scale.coco-segmentation/Brook Fair,2,4.880050926230514,328,0.0,0.0,0.0,0.0,190.6154737757172,65.90063631421536,False
DetR-large-scale.coco-segmentation/Brook Fair,3,5.101599187056647,341,0.0,0.0,0.0,0.0,192.5125429099551,63.12486767083946,True
DetR-large-scale.coco-segmentation/Brook Fair,4,5.132222628356037,307,0.0,0.0,0.0,0.0,206.72446958981612,52.86828027227481,True
DetR-large-scale.coco-segmentation/Brook Fair,5,5.024101116702195,320,0.0,0.0,0.0,0.0,198.19225124743176,59.24582041544226,True
DetR-large-scale.coco-segmentation/Brook Fair,6,5.0604921608134115,485,0.0,0.0,0.0,0.0,157.00514721021207,72.52989539512903,False
DetR-large-scale.coco-segmentation/Brook Fair,7,5.053031453031214,367,0.0,0.0,0.0,0.0,105.69080636877247,78.61305398940979,True
DetR-large-scale.coco-segmentation/Brook Fair,8,5.17837258145808,395,0.0,0.0,0.0,0.0,126.1939812152578,75.40590015273088,False
DetR-large-scale.coco-segmentation/Brook Fair,9,4.019342419735269,2029,0.0,0.0,0.0,0.0,83.05620308178585,74.1283085337932,True
DetR-large-scale.coco-segmentation/Brook Fair,10,6.197550833027003,555,0.0,0.0,0.0,0.0,161.85121146627233,76.69674410803717,False
DetR-large-scale.coco-segmentation/Brook Fair,11,5.745554852308365,614,0.0,0.0,0.0,0.0,166.19704198473283,66.15642650542503,False
DetR-large-scale.coco-segmentation/Brook Fair,12,4.640675201508693,478,0.0,0.0,0.0,0.0,173.29732891401832,64.98102003050384,True
DetR-large-scale.coco-segmentation/Brook Fair,13,4.779867692317906,384,0.0,0.0,0.0,0.0,150.2110338640951,66.85733811161408,False
DetR-large-scale.coco-segmentation/Brook Fair,14,5.307964812151795,294,0.0,0.0,0.0,0.0,143.54333887437664,67.47278903168258,False
DetR-large-scale.coco-segmentation/Brook Fair,15,4.65186491206358,270,0.0,0.0,0.0,0.0,147.5278547245306,70.03433561708857,True
DetR-large-scale.coco-segmentation/Brook Fair,16,5.249922507940477,271,0.0,0.0,0.0,0.0,138.01666142722414,73.951912030536,False
DetR-large-scale.coco-segmentation/Brook Fair,17,5.634831147233382,277,0.0,0.0,0.0,0.0,126.60573589662779,75.84121322589723,False
DetR-large-scale.coco-segmentation/Brook Fair,18,5.265301267831775,273,0.0,0.0,0.0,0.0,137.8927180101888,73.7395240611482,False
DetR-large-scale.coco-segmentation/Brook Fair,19,5.644997014431547,248,0.0,0.0,0.0,0.0,195.9360089811956,66.3638779952424,False
DetR-large-scale.coco-segmentation/Brook Fair,20,7.201141430907109,379,0.0,0.0,0.0,0.0,131.7092209856916,87.65732090712174,True
DetR-large-scale.coco-segmentation/Brook Fair,21,4.527906233494995,256,0.0,0.0,0.0,0.0,212.32870683818552,51.107569809452606,False
DetR-large-scale.coco-segmentation/Brook Fair,22,5.108412728099703,276,0.0,0.0,0.0,0.0,153.21533333333332,75.36883727082139,False
DetR-large-scale.coco-segmentation/Brook Fair,23,5.248789616841885,217,0.0,0.0,0.0,0.0,162.68304953560371,86.23774965178382,True
DetR-large-scale.coco-segmentation/Rock Green,0,5.383777068936973,598,21.942205097806756,4.433588520683745,46.32572614107884,27.83103300338053,184.24007113218732,58.001863976709,False
DetR-large-scale.coco-segmentation/Rock Green,1,5.521159082733249,413,19.518003130979302,2.9721086089794815,61.45173073578014,34.660126645339886,142.9104192033397,37.79834728603948,True
DetR-large-scale.coco-segmentation/Rock Green,2,6.923313463136,314,19.927549357000544,3.3713857056570493,58.2133671436334,35.8539487745581,129.16355732657127,32.00505220638173,False
DetR-large-scale.coco-segmentation/Rock Green,3,6.9198677957801245,289,20.52691867124857,3.955115306546481,61.052882779686904,48.738230487061514,185.57159221076748,45.66439374641638,True
DetR-large-scale.coco-segmentation/Rock Green,4,6.424275377897599,305,19.688717454194794,10.471355886993221,52.79787849566056,39.344641382634926,157.69990356798456,48.687928462856185,False
DetR-large-scale.coco-segmentation/Rock Green,5,7.102281382195207,471,22.17928231006448,4.726760213357764,55.3964115503224,31.588539839504996,171.55438744042613,59.16424326566616,False
DetR-large-scale.coco-segmentation/Rock Green,6,4.783204464983058,1043,22.7141689373297,4.0185705345689495,64.11053587647594,41.66097815247623,174.75858310626703,57.79776222525165,True
DetR-large-scale.coco-segmentation/Rock Green,7,6.103681810150439,319,19.343486973947897,4.529866670160339,51.737875751503005,36.39115360108042,153.03567134268536,46.10153830153323,True
DetR-large-scale.coco-segmentation/Rock Green,8,5.372117546268084,580,21.12649780069771,4.094042773714931,47.415743970878204,27.7445538408144,166.71833763082057,49.68183612180471,False
DetR-large-scale.coco-segmentation/Rock Green,9,4.852847229573115,544,21.096898513488714,5.505945960701499,40.5290879060378,25.730693156236626,166.57258212516058,58.67483758136044,True
DetR-large-scale.coco-segmentation/Rock Green,10,6.753115668376731,300,20.998365011240548,15.71702028158641,50.95299407316575,38.806681779206734,149.06519517678316,47.933827187370035,False
DetR-large-scale.coco-segmentation/Rock Green,11,5.452766367893685,475,23.233543216943332,4.187827808764327,51.673726388093876,23.371533884044567,121.04979965655409,26.07736571311809,False
DetR-large-scale.coco-segmentation/Rock Green,12,7.110930699739876,325,21.082641509433962,3.3538432760850823,82.30528301886793,53.19172522551859,175.20075471698112,46.259906429073425,True
DetR-large-scale.coco-segmentation/Rock Green,13,6.55104509507779,357,20.97860863095238,5.830290554084295,50.696986607142854,26.044916670472272,117.41592261904762,32.686728904407104,False
DetR-large-scale.coco-segmentation/Rock Green,14,2.3919164444620034,2162,24.05971470732907,5.666000923976437,64.23482538121003,31.341425391635337,152.8960157402853,47.1736533976144,True
DetR-large-scale.coco-segmentation/Rock Green,15,6.965562746282854,322,19.72287673641639,2.93488485308372,60.51204501494637,31.55437731576333,143.46984350272552,35.02519020697485,False
DetR-large-scale.coco-segmentation/Rock Green,16,5.491641981764138,516,21.92840722495895,4.874732707927779,47.08784893267652,27.214884126760637,170.7952380952381,63.563887236193274,False
DetR-large-scale.coco-segmentation/Rock Green,17,6.284015859880042,297,20.466853811271864,3.579575149500881,56.01209242064349,33.634530624962984,145.99265817318073,42.131365829908276,False
DetR-large-scale.coco-segmentation/Rock Green,18,8.613035690272863,471,21.768232709009105,4.884065947871659,57.25897248090405,36.536902991700615,174.0353667468871,54.342615066707346,True
DetR-large-scale.coco-segmentation/Rock Green,19,5.587731098717598,788,21.57528395301427,3.3008967798099733,78.73662751189205,48.19640801252871,160.1519269973789,50.74640934850229,True
DetR-large-scale.coco-segmentation/Rock Green,20,7.004523267442474,307,20.850954321252413,2.9598577197313154,74.62985202659232,49.2303690356318,174.02916577310745,45.554759589577216,True
DetR-large-scale.coco-segmentation/Rock Green,21,6.764673135715275,300,20.096550227815143,3.642640456638301,57.14601865914515,42.120122700015386,142.89759166847472,48.03586220719036,False
DetR-large-scale.coco-segmentation/Rock Green,22,5.9098792294114135,292,20.416238917405508,3.3038471392585183,50.70205319645357,24.95745573593155,116.84134391040597,28.961106853613842,True
DetR-large-scale.coco-segmentation/Rock Green,23,2.8942277612302076,1329,23.210477453580904,5.4780121406781666,59.91618037135279,31.530026584065375,149.16153846153847,46.13372795393372,True
DetR-large-scale.coco-segmentation/Rock Green,24,4.5886707758281675,446,22.560837844198634,4.061092750410385,60.41256766297953,26.680416318745582,132.64203341962815,37.033460259958176,False
DetR-large-scale.coco-segmentation/Rock Green,25,6.647677841145014,585,22.55396208070005,4.446257716944086,52.002066115702476,24.57886655636167,163.5684248906174,54.029141109776205,False
DetR-large-scale.coco-segmentation/Rock Green,26,5.766690472012272,311,21.27920940705529,3.1350393824286495,81.76432324243183,49.578483414045856,147.19714786089568,45.12230799594103,True
DetR-large-scale.coco-segmentation/Rock Green,27,6.055235721454614,288,20.172288531395953,3.455086591721395,67.25505967825636,35.42625850231473,130.16061235080437,42.402100623062,False
DetR-large-scale.coco-segmentation/Rock Green,28,2.182748637935128,2230,24.53902932254803,8.435021573568251,64.4721941354904,34.95836445021565,170.02325581395348,53.48051878866955,True
DetR-large-scale.coco-segmentation/Rock Green,29,4.175026162188727,1500,22.418215219388117,4.559874205986973,61.13248074613156,38.62935948968804,164.1102946371794,51.369492504078444,True
DetR-large-scale.coco-segmentation/Rock Green,30,6.176773741425163,414,20.968772961058047,4.067954446707655,62.89603232916973,32.706117866592436,141.06171932402646,50.30838269384367,False
DetR-large-scale.coco-segmentation/Rock Green,31,7.095076529566008,460,23.157752489331436,4.621184020154013,61.44310099573257,27.415305348285447,150.56002844950214,50.38678585605441,False
DetR-large-scale.coco-segmentation/Rock Green,32,7.115807012340673,654,24.413360963094533,5.366785914535512,52.78261298598776,31.42468401407815,203.23613578054076,59.62547235477812,True
DetR-large-scale.coco-segmentation/Rock Green,33,6.387801998039681,273,20.15767533104463,4.1413125376635955,62.89333006375674,39.250539550080966,147.75380088278567,52.040305841681146,False
DetR-large-scale.coco-segmentation/Rock Green,34,6.2521237595576435,401,21.727818420558993,3.6008415336118356,60.35790658413056,32.34581803178103,156.04351903957982,51.99822498085666,False
DetR-large-scale.coco-segmentation/Rock Green,35,3.931586673523956,1080,21.985926418439718,4.071218994038841,57.732601950354606,35.9540341528542,163.62777039007094,54.9896535649708,True
DetR-large-scale.coco-segmentation/Rock Green,36,5.889683279072576,468,21.86565566458519,3.608440860582781,59.57662801070473,28.3403626145763,149.32417484388938,50.84570417684983,False
DetR-large-scale.coco-segmentation/Rock Green,37,6.2599939091253605,485,22.213651668197123,4.062635974436946,60.14845423936333,27.61376556865982,150.03443526170798,50.13755985774383,False
DetR-large-scale.coco-segmentation/Rock Green,38,4.993515294350554,315,20.8017050836754,3.9084676800645672,58.41964003789075,35.227902950902,116.09156930849385,29.119091970343252,False
DetR-large-scale.coco-segmentation/Rock Green,39,5.684261976086141,276,20.720644456581102,3.373249865990647,68.21299836155106,34.004368359453366,121.41043145821955,37.04551690343784,False
DetR-large-scale.coco-segmentation/Rock Green,40,6.644044050096521,320,21.01088093743461,4.510698129196134,55.60075329566855,29.960747974401976,129.85373509102322,36.51842647252789,False
DetR-large-scale.coco-segmentation/Rock Green,41,5.791907763926084,508,22.074911774141803,4.110286168912748,53.239974334295795,27.050941731697375,167.69072826435675,58.53888216999719,False
DetR-large-scale.coco-segmentation/Rock Green,42,5.822883537778041,346,19.77118119975263,3.221500996863784,54.86868686868687,27.141016697440023,129.6002886002886,32.51482372745722,False
DetR-large-scale.coco-segmentation/Rock Green,43,3.053458935115992,703,20.63654799459216,3.809831448194218,66.92429022082018,40.48178355508073,152.305768364128,50.95012112641419,True
DetR-large-scale.coco-segmentation/Rock Green,44,5.584179961398796,370,21.40544217687075,4.214031990956659,62.55034013605442,34.638919182135716,134.1278911564626,44.35794383497802,False
DetR-large-scale.coco-segmentation/Rock Green,45,6.119841843040592,388,20.436788154897496,3.750928775279174,50.15926347760061,24.262999075440604,125.45804859529233,33.54315245813716,False
DetR-large-scale.coco-segmentation/Rock Green,46,7.571419269250436,311,20.997059400117625,5.102381635226833,73.33875710644972,49.967785402867875,174.20054891197805,47.29231019002763,True
DetR-large-scale.coco-segmentation/Rock Green,47,6.7000825044440555,347,20.54207690878692,3.940958927622874,49.220694779862534,24.8170336601333,146.79100873119077,44.61938002598769,False
DetR-large-scale.coco-segmentation/Rock Green,48,6.1415106030905955,370,20.97342460237568,5.492321122454785,57.91161667002215,36.29204572618318,160.76625729816791,61.38523680092414,True
DetR-large-scale.coco-segmentation/Rock Green,49,5.300725222119907,572,21.948308870453094,4.141006433358282,45.54100191448628,24.40960317716673,168.49026802807913,60.66389037262567,False
DetR-large-scale.coco-segmentation/Rock Green,50,6.347902909400159,446,22.215709261430245,4.125362739313039,58.59772232456875,31.678668776300487,160.3411488862837,59.34833414952496,False
DetR-large-scale.coco-segmentation/Rock Green,51,6.126050525579406,414,21.41863421721758,4.779634423030633,54.74137304758445,34.5625869210985,163.0317835088994,62.6040542286502,False
DetR-large-scale.coco-segmentation/Rock Green,52,7.060075879536282,305,22.455203234730792,3.7064939669891905,75.35071291764206,45.275416955896354,174.5824643541179,46.367910717428046,True
DetR-large-scale.coco-segmentation/Rock Green,53,8.71497819264329,565,24.122745060608953,5.969667768670836,63.11482294549967,34.36099180400291,142.67757945976902,47.51300075111647,True
DetR-large-scale.coco-segmentation/Rock Green,54,6.7779836536883975,334,21.01456709068527,3.8751537948899957,63.921009437833405,35.63206344213524,137.14341403364793,45.11702913457324,False
DetR-large-scale.coco-segmentation/Rock Green,55,2.992410978969315,895,20.860218849276386,3.35217536170164,71.23190963642782,44.75605777048018,149.64172255559478,52.49927082812313,True
DetR-large-scale.coco-segmentation/Rock Green,56,6.1086885474338555,187,21.241702741702742,4.258344628675863,55.48881673881674,20.251027919316247,110.92496392496392,32.34531616498054,False
DetR-large-scale.coco-segmentation/Rock Green,57,2.4139407855527675,2295,25.680824639841035,8.200201225053062,63.68181818181818,33.588571026456776,168.39311144229177,53.62167885620059,True
DetR-large-scale.coco-segmentation/Rock Green,58,9.204026253026882,673,23.883298287774107,5.066830668215245,64.92542805647342,41.46786382373272,192.4218233703815,59.77578865847198,True
DetR-large-scale.coco-segmentation/Rock Green,59,6.143516968077216,193,20.483200554208523,3.4259414613704053,51.60131624523727,19.873431472425235,114.87045375822653,35.26443993363425,True
DetR-large-scale.coco-segmentation/Rock Green,60,2.955937447916546,1966,26.685256848015783,9.406100594108663,80.64291676151453,36.968668037153904,158.65543667956598,47.53117940896721,True
DetR-large-scale.coco-segmentation/Rock Green,61,6.286907187839938,334,21.04908503767492,3.8324659398443144,64.64822389666308,35.493631678669395,134.62303552206674,46.81426768428345,False
DetR-large-scale.coco-segmentation/Rock Green,62,6.870848177049545,265,20.973323543808124,3.957436671493038,68.26921194322075,37.4156838591085,127.36123348017621,38.06939338269649,False
DetR-large-scale.coco-segmentation/Rock Green,63,6.249837199293584,314,21.29944674965422,4.3181994125958445,62.903181189488244,36.031213531751526,134.05025357307514,43.66210275876532,False
DetR-large-scale.coco-segmentation/Rock Green,64,7.558999486019163,455,22.136016837674298,3.890458761527233,66.53841094448829,37.21299233786136,144.88542488818732,56.76669739196615,True
DetR-large-scale.coco-segmentation/Rock Green,65,6.213648722985608,354,23.86882046834345,10.459723649162905,58.528404163052905,24.938759680473265,190.6539462272333,49.19018020648489,True
DetR-large-scale.coco-segmentation/Rock Green,66,5.810295602840523,279,21.347234289024037,6.03423638196467,65.94613379669852,36.0321395811235,134.28554879814655,43.21211782374157,False
DetR-large-scale.coco-segmentation/Rock Green,67,9.919500897361894,428,22.753146176185865,6.299287496347328,64.31709153490374,38.1440395679477,170.11423039690223,64.00336851086597,True
DetR-large-scale.coco-segmentation/Rock Green,68,6.541837395875447,495,21.863342159458664,3.4247692699277437,62.70859076198882,30.519498583805866,144.2360988526037,40.71517189355218,False
DetR-large-scale.coco-segmentation/Rock Green,69,5.605895446441378,533,21.840202236862265,3.631323031731762,51.31300750727746,27.468771426039204,165.608549103723,53.993463851180096,False
DetR-large-scale.coco-segmentation/Rock Green,70,6.116565788139619,322,20.478434305659437,3.5723419025229726,64.16255297930691,38.74495814251634,116.94864123659936,34.74685107975683,False
DetR-large-scale.coco-segmentation/Rock Green,71,6.815447049460185,162,20.718872636460933,3.8312826767044985,52.29432750624331,19.782839764011594,121.49197288619337,40.62484916139813,False
DetR-large-scale.coco-segmentation/Rock Green,72,6.165264066272572,315,20.352955082742316,5.130634780736355,61.145862884160756,39.066782255415845,150.58605200945627,57.822080122230105,False
DetR-large-scale.coco-segmentation/Rock Green,73,6.345218106888582,381,21.69298245614035,5.104083976789219,52.53329346092504,35.25411408342327,141.0755582137161,43.94297804728844,True
DetR-large-scale.coco-segmentation/Rock Green,74,6.731982950471857,293,22.41543101281729,3.4638945716304574,70.26313144006032,43.862007738938956,161.67680321688866,52.64316128417523,True
DetR-large-scale.coco-segmentation/Rock Green,75,5.820042594713692,409,21.635969236836917,8.880081464571855,53.42476829027805,35.08387855737759,168.1266022480773,61.174320752212076,False
DetR-large-scale.coco-segmentation/Rock Green,76,6.471876091843072,312,21.02954898911353,4.068920519424027,61.30593201510776,37.267390789622354,140.66896245278826,46.80132569339841,False
DetR-large-scale.coco-segmentation/Rock Green,77,3.550876092473446,676,20.888564882316185,3.8545029137827553,68.53009789627161,42.44168696591604,144.56863153509684,51.11792451793484,True
DetR-large-scale.coco-segmentation/Rock Green,78,6.466190787237389,150,20.84188361408882,4.033345785872382,49.9552067381317,20.854375114215873,120.29555895865238,38.34499148929238,False
DetR-large-scale.coco-segmentation/Rock Green,79,9.043599569383998,518,23.159750420917103,4.981647238393191,66.30969594929186,44.35483457281554,183.01228087550757,62.02221315742591,True
DetR-large-scale.coco-segmentation/Rock Green,80,6.275512918575988,396,21.82521041299667,3.873840197285596,62.02916422000391,31.051711378165027,139.01820317087493,51.71074772464378,False
DetR-large-scale.coco-segmentation/Rock Green,81,9.334518583022362,413,22.95917868491811,5.157674776777035,63.68479589342459,37.20674315993263,169.7875824981667,59.82755388334344,True
DetR-large-scale.coco-segmentation/Rock Green,82,5.903873213792372,221,21.526297930098405,11.345885527146816,46.013912453342385,23.966116999372797,139.52867322701053,53.0902143611568,False
DetR-large-scale.coco-segmentation/Rock Green,83,8.630073879789473,544,22.6325073926787,3.9315489638753895,66.70928928316509,36.25217887952998,156.9729784847558,58.29276525447566,True
DetR-large-scale.coco-segmentation/Rock Green,84,5.650872872448584,480,21.789521392313272,4.550869402241442,52.76033357505439,33.26435407174488,171.6894488759971,59.62286147285392,False
DetR-large-scale.coco-segmentation/Rock Green,85,6.294220088772195,425,20.644234139502277,3.92377859133096,60.79968454258675,34.48226566710284,126.14230634419908,35.549165332599074,False
DetR-large-scale.coco-segmentation/Rock Green,86,5.983858844524868,443,20.693054792010262,9.71538216864915,51.71174638079531,32.64128472348582,164.99010445299615,55.72804239113807,False
DetR-large-scale.coco-segmentation/Rock Green,87,8.183927989697874,866,24.697012325830652,5.732367220115744,59.937165058949624,31.77944223670851,184.53650857449088,50.27729784817312,True
DetR-large-scale.coco-segmentation/Rock Green,88,7.108660726272641,150,20.604109589041094,4.0557903257037875,50.30376712328767,21.348105996654564,124.68424657534247,39.1393579516924,False
DetR-large-scale.coco-segmentation/Rock Green,89,7.584204105205329,168,20.325567136725937,3.8163805075030677,51.04199877375843,23.8001414692661,130.09687308399754,40.52253495765885,False
DetR-large-scale.coco-segmentation/Rock Green,90,6.345602560999658,156,20.18227360308285,3.5524576738323903,51.229672447013485,21.871239199725974,122.18843930635838,39.052046952334244,False
DetR-large-scale.coco-segmentation/Rock Green,91,7.04281460206753,309,19.380717804363126,9.301257611268971,52.08937368050668,39.530835375576174,158.27093596059115,47.70405401679925,False
DetR-large-scale.coco-segmentation/Rock Green,92,5.068199842957567,147,20.166576234400434,4.4760083357645195,50.883884970157354,23.74408172408504,171.33803581117743,53.783424558987136,False
DetR-large-scale.coco-segmentation/Rock Green,93,2.9235812770078176,490,20.71875,8.405260859708221,62.9357476635514,37.91642565240141,132.7657710280374,53.55028138851087,True
DetR-large-scale.coco-segmentation/Rock Green,94,6.891621234738459,174,20.706684403059526,3.581875060210309,52.40971067509145,21.85083540274606,119.19554373129365,41.75067738711959,False
DetR-large-scale.coco-segmentation/Rock Green,95,6.24218869418447,391,20.14081632653061,3.0880889253973915,66.18962585034014,44.73399376871539,142.81819727891155,44.01079925622762,True
DetR-large-scale.coco-segmentation/Rock Green,96,3.7448439823763384,141,20.596988485385296,3.903579897341028,51.18689105403011,15.955361946192637,150.13108945969884,37.10312393600329,True
DetR-large-scale.coco-segmentation/Rock Green,97,5.7662058037440955,339,21.293039443155454,7.520874140573782,57.196055684454755,36.65512227619417,155.8893271461717,58.67607054839054,False
DetR-large-scale.coco-segmentation/Rock Green,98,6.28140847796475,153,20.26439144736842,3.6090276689421503,52.5485197368421,21.540871825277442,114.85649671052632,35.46686345754917,False
DetR-large-scale.coco-segmentation/Rock Green,99,7.2716257166152065,309,20.310687487325087,4.216702185465815,46.52829040762523,26.819135555389867,114.73149462583655,31.18284794334473,True
DetR-large-scale.coco-segmentation/Rock Green,100,5.609342876501472,335,20.01198432818622,3.5040350366909516,56.023046784973495,30.538207078507938,127.20742106476146,36.493630231671816,False
DetR-large-scale.coco-segmentation/Rock Green,101,4.069109699921736,166,19.253201396973225,4.037286732839831,45.066356228172296,21.91395539047297,123.13445867287544,34.12153806245712,False
DetR-large-scale.coco-segmentation/Rock Green,102,5.297738815303878,426,21.62984948060208,3.926765382219614,63.05681577273691,31.861539186366045,129.64765740937037,39.05567094316159,False
DetR-large-scale.coco-segmentation/Rock Green,103,6.910788308090509,144,20.465966690803764,3.8373569110277503,52.14337436640116,22.755423029358912,126.47429398986242,39.541995361009285,True
DetR-large-scale.coco-segmentation/Rock Green,104,6.979143556291051,161,20.868803578084233,3.513342804103359,50.28289228475587,19.70808473909731,126.57100260901976,40.90907540196157,True
DetR-large-scale.coco-segmentation/Rock Green,105,6.741477099471649,286,20.208593554833875,4.366452411904812,63.2687984011991,38.08731036476534,141.74319260554583,51.55646369552545,False
DetR-large-scale.coco-segmentation/Rock Green,106,6.954114060073779,418,22.804128738621586,5.078976004846713,60.79388816644993,30.428951789189085,151.1215864759428,54.5838986493396,False
DetR-large-scale.coco-segmentation/Rock Green,107,6.397917942245809,189,20.300827015851137,3.9729607296133205,51.00827015851137,22.49912933085452,122.85492763611303,37.056757576167634,False
DetR-large-scale.coco-segmentation/Rock Green,108,7.331983209547005,138,20.730648944487882,3.5255915236142745,54.41399530883503,23.00952125534755,120.4374511336982,39.78772589889238,False
DetR-large-scale.coco-segmentation/Rock Green,109,7.350721552807539,159,20.331321260898726,3.100196581586005,52.64889336016097,23.433835902529264,120.95271629778672,38.51530453076954,True
DetR-large-scale.coco-segmentation/Rock Green,110,4.83689051883552,160,21.09940119760479,2.871238690440695,58.07065868263473,32.48245645591553,116.96287425149701,26.7985576763953,False
DetR-large-scale.coco-segmentation/Rock Green,111,6.851453035455111,153,19.81756487025948,3.4540396752392954,53.481836327345306,21.55469692438642,117.5680638722555,38.15633690426805,False
DetR-large-scale.coco-segmentation/Rock Green,112,5.018604036440642,442,21.249545454545455,15.719284617446736,51.184318181818185,28.030654964109242,148.26886363636365,52.668506490894586,False
DetR-large-scale.coco-segmentation/Rock Green,113,4.615671311032458,1573,25.132424312456667,8.44849566540169,77.05107464756182,41.585242346060234,170.26993297896925,47.75215803273315,True
DetR-large-scale.coco-segmentation/Rock Green,114,7.043810911526193,171,20.611570247933884,4.058681127772243,51.92011019283746,19.09066978173187,121.80913026367571,39.415227821864256,False
DetR-large-scale.coco-segmentation/Rock Green,115,6.79094520230666,200,20.443877551020407,11.267901325034778,47.09024234693877,21.772928489118968,138.86862244897958,47.83442915294451,False
DetR-large-scale.coco-segmentation/Rock Green,116,6.267291708219414,84,19.416666666666668,4.8476798574163285,48.49305555555556,28.99263472748481,186.07899305555554,50.10308654095581,False
DetR-large-scale.coco-segmentation/Rock Green,117,6.930274644013565,300,19.876887093344674,3.725646489715479,57.4554539655539,39.116965918481114,141.5358281947693,45.17104241805801,False
DetR-large-scale.coco-segmentation/Rock Green,118,6.553636258175051,288,21.28379651436646,10.865067867460773,47.276024493641074,24.863852069419373,154.7753179463024,54.312054453016124,False
DetR-large-scale.coco-segmentation/Rock Green,119,5.804461036389526,226,21.570041090773255,10.886518881124367,58.804632050803136,41.22611293776831,138.68995143817708,50.75247255245948,False
DetR-large-scale.coco-segmentation/Rock Green,120,6.517640036817037,308,21.198930719536644,9.424818939610017,53.51258632212074,35.41371668812063,152.47404767208732,48.36187849204709,False
DetR-large-scale.coco-segmentation/Rock Green,121,7.343740259241796,164,20.398768562115176,3.196790529522616,50.485693589279244,19.914355605449263,132.58058674393337,41.41381488761482,True
DetR-large-scale.coco-segmentation/Rock Green,122,6.387140391460111,399,23.1332491886044,22.341514308633798,50.967183555715835,37.20717629918344,169.54543815362425,58.98851259073872,False
DetR-large-scale.coco-segmentation/Rock Green,123,6.544814867350621,156,19.955937893411665,4.121648601241285,51.58036088963492,21.454910911484525,122.65421737305917,38.6495660137193,False
DetR-large-scale.coco-segmentation/Rock Green,124,7.5296298148690495,170,21.11698981268485,3.4113510056998604,56.7160696680907,21.626263260982753,121.09168583634572,41.417249671787424,False
DetR-large-scale.coco-segmentation/Rock Green,125,5.657889653259581,273,22.119773656082995,4.539233636971444,35.04966991512103,20.04873151556047,117.67274441999372,20.930900273880667,False
DetR-large-scale.coco-segmentation/Rock Green,126,6.55905158152029,449,21.8532249873032,7.552443428295116,58.87980362282038,32.83821209278174,162.8058235991197,58.29825051533279,False
DetR-large-scale.coco-segmentation/Rock Green,127,6.058750195970042,439,22.52063789868668,4.350502544371449,64.58630393996248,30.641266366421846,159.4878048780488,56.687947548356604,False
UNISEM-ZN1461.coco-segmentation/Santa Clearshire,0,5.0959120212443825,204,0.0,0.0,0.0,0.0,175.2891225232511,75.30316212617717,False
UNISEM-ZN1461.coco-segmentation/Santa Clearshire,1,3.7791117888786925,1954,0.0,0.0,0.0,0.0,77.80129482071713,76.82463640837888,True
UNISEM-ZN1461.coco-segmentation/Santa Clearshire,2,2.702036250698341,2019,0.0,0.0,0.0,0.0,97.42715258309973,85.97126630437592,True
UNISEM-ZN1461.coco-segmentation/Santa Clearshire,3,4.598589053844717,340,0.0,0.0,0.0,0.0,202.4918367346939,57.759134098816475,False
UNISEM-ZN1461.coco-segmentation/Santa Clearshire,4,4.556037383406514,268,0.0,0.0,0.0,0.0,199.70125906142692,58.18643838818968,False
UNISEM-ZN1461.coco-segmentation/Santa Clearshire,5,2.338880144678842,1975,0.0,0.0,0.0,0.0,99.31779742456276,89.21465714436502,True
UNISEM-ZN1461.coco-segmentation/Santa Clearshire,6,7.85392564869303,706,0.0,0.0,0.0,0.0,123.07234963219385,86.73423874677697,True
UNISEM-ZN1461.coco-segmentation/Santa Clearshire,7,4.705385507330746,374,0.0,0.0,0.0,0.0,223.06083001705514,48.52995588367798,False
UNISEM-ZN1461.coco-segmentation/Santa Clearshire,8,5.133232235845501,432,0.0,0.0,0.0,0.0,83.95886255924171,58.06819013724497,True
UNISEM-ZN1461.coco-segmentation/Santa Clearshire,9,4.82998322598946,400,0.0,0.0,0.0,0.0,150.32909053582426,69.41825525738223,True
UNISEM-ZN1461.coco-segmentation/Santa Clearshire,10,6.52863000533914,527,0.0,0.0,0.0,0.0,171.98825177840052,73.1807918434284,False
UNISEM-ZN1461.coco-segmentation/Santa Clearshire,11,5.5175995788330185,395,0.0,0.0,0.0,0.0,156.7252566735113,71.98650682575997,False
UNISEM-ZN1461.coco-segmentation/Santa Clearshire,12,3.320507156640497,832,0.0,0.0,0.0,0.0,97.17950624628197,75.87790014955999,True
UNISEM-ZN1461.coco-segmentation/Santa Clearshire,13,7.566870816123446,425,0.0,0.0,0.0,0.0,94.26445601534667,76.29133448280852,True
UNISEM-ZN1461.coco-segmentation/Santa Clearshire,14,5.102185141639247,253,0.0,0.0,0.0,0.0,172.9136712749616,67.85843840347792,False
UNISEM-ZN1461.coco-segmentation/Santa Clearshire,15,6.143227527759511,792,0.0,0.0,0.0,0.0,79.8500464644758,73.00513453890797,True
UNISEM-ZN1461.coco-segmentation/Santa Clearshire,16,5.633138347588893,278,0.0,0.0,0.0,0.0,186.53674210673373,77.60498467125986,False
UNISEM-ZN1461.coco-segmentation/Santa Clearshire,17,6.310431449981295,610,0.0,0.0,0.0,0.0,173.52358957439787,71.91147565603042,False
UNISEM-ZN1461.coco-segmentation/Santa Clearshire,18,5.940743849115603,459,0.0,0.0,0.0,0.0,160.4648540089603,71.43479151174475,False
UNISEM-ZN1461.coco-segmentation/Santa Clearshire,19,5.337881837087,378,0.0,0.0,0.0,0.0,172.79963935083148,65.83597651981732,False
UNISEM-ZN1461.coco-segmentation/Santa Clearshire,20,5.437803740279276,293,0.0,0.0,0.0,0.0,170.01781528363807,71.4129723659327,False
UNISEM-ZN1461.coco-segmentation/Santa Clearshire,21,5.0569148068383285,265,0.0,0.0,0.0,0.0,167.60450346420322,76.02337630066815,False
UNISEM-ZN1461.coco-segmentation/Santa Clearshire,22,5.47290905589501,276,0.0,0.0,0.0,0.0,186.5394017368929,80.32216496332765,False
UNISEM-ZN1461.coco-segmentation/Santa Clearshire,23,4.4949483342658425,36,0.0,0.0,0.0,0.0,190.57042253521126,76.57593713855388,True
UNISEM-ZN1461.coco-segmentation/Santa Clearshire,24,5.5806499364990945,271,0.0,0.0,0.0,0.0,156.41735781990522,80.38229698074322,True
UNISEM-ZN1461.coco-segmentation/Santa Clearshire,25,6.88607168141705,59,0.0,0.0,0.0,0.0,162.55317073170733,88.77310816823358,True
UNISEM-ZN1461.coco-segmentation/San Valleyland,0,5.137466701761481,195,0.0,0.0,0.0,0.0,190.66426570628252,69.17204085514216,False
UNISEM-ZN1461.coco-segmentation/San Valleyland,1,5.289611296079617,147,0.0,0.0,0.0,0.0,207.84037558685446,65.08871961757413,False
UNISEM-ZN1461.coco-segmentation/San Valleyland,2,4.609035240021437,282,0.0,0.0,0.0,0.0,187.9085409252669,68.51017405031831,True
UNISEM-ZN1461.coco-segmentation/San Valleyland,3,4.9681101210145835,340,0.0,0.0,0.0,0.0,181.07195022991615,61.02109423280087,True
UNISEM-ZN1461.coco-segmentation/San Valleyland,4,7.264594340724639,487,0.0,0.0,0.0,0.0,136.20947630922694,85.46259448755477,True
UNISEM-ZN1461.coco-segmentation/San Valleyland,5,4.745365379484161,325,0.0,0.0,0.0,0.0,208.16428126944618,55.76657407364139,False
UNISEM-ZN1461.coco-segmentation/San Valleyland,6,4.73650949736673,464,0.0,0.0,0.0,0.0,213.87830105633802,58.06849953555519,False
UNISEM-ZN1461.coco-segmentation/San Valleyland,7,5.3401718073968345,369,0.0,0.0,0.0,0.0,206.82870022539444,63.891179772569714,False
UNISEM-ZN1461.coco-segmentation/San Valleyland,8,5.034633782822598,403,0.0,0.0,0.0,0.0,159.81657265123516,73.8701922039454,False
UNISEM-ZN1461.coco-segmentation/San Valleyland,9,5.415048943138319,397,0.0,0.0,0.0,0.0,190.73359486447933,71.48701535919429,False
UNISEM-ZN1461.coco-segmentation/San Valleyland,10,6.096558849329871,537,0.0,0.0,0.0,0.0,199.92219548527558,63.55205924335295,False
UNISEM-ZN1461.coco-segmentation/San Valleyland,11,5.74959321199691,916,0.0,0.0,0.0,0.0,155.57476105621254,91.33529546455749,True
UNISEM-ZN1461.coco-segmentation/San Valleyland,12,5.21214868248439,747,0.0,0.0,0.0,0.0,140.01959086481222,91.76477919159154,True
UNISEM-ZN1461.coco-segmentation/San Valleyland,13,7.7322920430889654,572,0.0,0.0,0.0,0.0,115.23989876163789,87.97529570153561,True
UNISEM-ZN1461.coco-segmentation/San Valleyland,14,5.448810217422769,307,0.0,0.0,0.0,0.0,203.8626234780611,67.64285043171884,False
UNISEM-ZN1461.coco-segmentation/San Valleyland,15,5.247545054603695,270,0.0,0.0,0.0,0.0,80.2004375170905,72.81916739490705,True
UNISEM-ZN1461.coco-segmentation/San Valleyland,16,6.115547664246791,277,0.0,0.0,0.0,0.0,179.90730411686587,86.52907862281839,False
UNISEM-ZN1461.coco-segmentation/San Valleyland,17,6.463261157233935,276,0.0,0.0,0.0,0.0,177.7421854127705,84.47196426135957,False
UNISEM-ZN1461.coco-segmentation/San Valleyland,18,6.036624515247949,292,0.0,0.0,0.0,0.0,171.95767060030786,81.52180080240481,True
UNISEM-ZN1461.coco-segmentation/San Valleyland,19,6.069097104278377,277,0.0,0.0,0.0,0.0,183.45541054921154,79.97136550368988,False
UNISEM-ZN1461.coco-segmentation/San Valleyland,20,6.028639769004557,283,0.0,0.0,0.0,0.0,131.26877874297395,90.68961261731798,True
UNISEM-ZN1461.coco-segmentation/San Valleyland,21,5.170938265998777,271,0.0,0.0,0.0,0.0,223.40754599314002,55.99581908249916,False
UNISEM-ZN1461.coco-segmentation/San Valleyland,22,5.597389304867029,253,0.0,0.0,0.0,0.0,193.0564131349986,76.5605824091405,True
UNISEM-ZN1461.coco-segmentation/San Valleyland,23,6.1524208876751665,70,0.0,0.0,0.0,0.0,234.75708502024293,36.651544703528046,False
UNISEM-ZN1461.coco-segmentation/San Valleyland,24,3.417094096098417,560,0.0,0.0,0.0,0.0,128.91558441558442,102.9824422513008,True
UNISEM-ZN1461.coco-segmentation/South Ridgeheights,0,4.921074413834865,164,0.0,0.0,0.0,0.0,195.7159800249688,68.84043941750812,False
UNISEM-ZN1461.coco-segmentation/South Ridgeheights,1,6.72205258161925,432,0.0,0.0,0.0,0.0,138.81035558328134,88.50094137290873,True
UNISEM-ZN1461.coco-segmentation/South Ridgeheights,2,4.193049725743399,305,0.0,0.0,0.0,0.0,210.2002892263196,54.76109633347816,False
UNISEM-ZN1461.coco-segmentation/South Ridgeheights,3,4.773605182100003,248,0.0,0.0,0.0,0.0,204.57188498402556,59.170237763777116,False
UNISEM-ZN1461.coco-segmentation/South Ridgeheights,4,4.90317319863718,463,0.0,0.0,0.0,0.0,177.5805267702936,71.51976242265958,True
UNISEM-ZN1461.coco-segmentation/South Ridgeheights,5,5.5602285370956555,376,0.0,0.0,0.0,0.0,220.82227138643069,56.26469545220605,False
UNISEM-ZN1461.coco-segmentation/South Ridgeheights,6,5.08043552663205,398,0.0,0.0,0.0,0.0,141.30585211546065,71.14393188768787,False
UNISEM-ZN1461.coco-segmentation/South Ridgeheights,7,3.1859880973525905,2110,0.0,0.0,0.0,0.0,102.2928854961832,74.36733228519023,True
UNISEM-ZN1461.coco-segmentation/South Ridgeheights,8,8.236856691079883,919,0.0,0.0,0.0,0.0,75.24125323433456,52.45242248163169,True
UNISEM-ZN1461.coco-segmentation/South Ridgeheights,9,7.059802538331778,678,0.0,0.0,0.0,0.0,85.4146428253714,63.13980118945164,True
UNISEM-ZN1461.coco-segmentation/South Ridgeheights,10,3.0582456076513465,764,0.0,0.0,0.0,0.0,140.02800466744458,68.05470888102137,True
UNISEM-ZN1461.coco-segmentation/South Ridgeheights,11,5.415526537750583,285,0.0,0.0,0.0,0.0,174.24102030192608,71.02709855103878,False
UNISEM-ZN1461.coco-segmentation/South Ridgeheights,12,5.448678759394367,290,0.0,0.0,0.0,0.0,183.79964539007094,77.01166624260836,False
UNISEM-ZN1461.coco-segmentation/South Ridgeheights,13,5.56705381327965,901,0.0,0.0,0.0,0.0,87.53001476135805,79.82655644505441,True
UNISEM-ZN1461.coco-segmentation/South Ridgeheights,14,5.586086764436164,282,0.0,0.0,0.0,0.0,97.05656108597285,79.49392512110782,True
UNISEM-ZN1461.coco-segmentation/South Ridgeheights,15,4.526124747123736,889,0.0,0.0,0.0,0.0,98.34086454142164,78.087852833141,True
UNISEM-ZN1461.coco-segmentation/South Ridgeheights,16,6.577420237929931,342,0.0,0.0,0.0,0.0,128.96550465413398,83.23689794265857,True
UNISEM-ZN1461.coco-segmentation/South Ridgeheights,17,2.155212131713882,869,0.0,0.0,0.0,0.0,139.87552083333333,86.62661809900233,True
UNISEM-ZN1461.coco-segmentation/South Ridgeheights,18,5.376150918969039,386,0.0,0.0,0.0,0.0,140.56160141561602,73.12322017904562,True
UNISEM-ZN1461.coco-segmentation/South Ridgeheights,19,6.704368397130351,274,0.0,0.0,0.0,0.0,124.6763106373722,87.58873228642638,True
UNISEM-ZN1461.coco-segmentation/South Ridgeheights,20,4.779638672349766,309,0.0,0.0,0.0,0.0,124.1701680672269,85.27974676612943,True
UNISEM-ZN1461.coco-segmentation/South Ridgeheights,21,6.2184280525037074,546,0.0,0.0,0.0,0.0,186.1179675470804,74.1938685605616,False
UNISEM-ZN1461.coco-segmentation/South Ridgeheights,22,7.683588695818802,485,0.0,0.0,0.0,0.0,83.14865987949304,63.670930209974905,True
UNISEM-ZN1461.coco-segmentation/South Ridgeheights,23,6.714720611402146,373,0.0,0.0,0.0,0.0,96.04411027568922,74.57359975396923,True
DOS-semicon.coco-segmentation/East Ridgeheights,0,6.415147767822682,335,0.0,0.0,0.0,0.0,125.25394967817437,36.57844598466714,False
DOS-semicon.coco-segmentation/East Ridgeheights,1,6.683257215397562,370,0.0,0.0,0.0,0.0,144.6473021244595,71.4151324236227,True
DOS-semicon.coco-segmentation/East Ridgeheights,2,7.047644465870016,377,0.0,0.0,0.0,0.0,135.33160621761658,51.69324201595143,False
DOS-semicon.coco-segmentation/East Ridgeheights,3,7.873810123582869,300,0.0,0.0,0.0,0.0,140.50213805742212,48.740854396533635,False
DOS-semicon.coco-segmentation/East Ridgeheights,4,6.4023646033656965,303,0.0,0.0,0.0,0.0,121.20613496932515,35.42731553883996,False
DOS-semicon.coco-segmentation/East Ridgeheights,5,7.616434779909334,360,0.0,0.0,0.0,0.0,132.74592438432188,51.46211976723316,False
DOS-semicon.coco-segmentation/East Ridgeheights,6,9.445979391368105,365,0.0,0.0,0.0,0.0,145.79032858028518,64.76644524529848,True
DOS-semicon.coco-segmentation/East Ridgeheights,7,3.155140154815763,1041,0.0,0.0,0.0,0.0,155.70331087860112,53.69119771152672,True
DetR-large-scale.coco-segmentation/Oak Port,0,5.412114161279293,281,0.0,0.0,0.0,0.0,128.51328859060402,63.946828987114905,False
DetR-large-scale.coco-segmentation/Oak Port,1,5.842191522379882,160,0.0,0.0,0.0,0.0,120.73505976095618,65.28124510185312,False
DetR-large-scale.coco-segmentation/Oak Port,2,5.954592951192511,165,0.0,0.0,0.0,0.0,128.8553412462908,65.59078579091654,False
DetR-large-scale.coco-segmentation/Oak Port,3,8.195233487270505,230,0.0,0.0,0.0,0.0,135.98299131077835,78.54469712418718,True
DetR-large-scale.coco-segmentation/Oak Port,4,5.901559203851224,351,0.0,0.0,0.0,0.0,126.99111937216027,67.58585742857939,True
DetR-large-scale.coco-segmentation/Oak Port,5,5.901113362381049,489,0.0,0.0,0.0,0.0,146.1947727651074,70.09672752394586,False
DetR-large-scale.coco-segmentation/Oak Port,6,5.6367515414523846,406,0.0,0.0,0.0,0.0,184.0123633757391,79.135811384101,True
DetR-large-scale.coco-segmentation/Oak Port,7,5.506018545633823,332,0.0,0.0,0.0,0.0,144.39184283578902,72.1487448052964,False
DetR-large-scale.coco-segmentation/Oak Port,8,5.81905975772873,250,0.0,0.0,0.0,0.0,143.80634433358915,72.40603229764686,False
DetR-large-scale.coco-segmentation/Oak Port,9,5.835035887230542,179,0.0,0.0,0.0,0.0,151.34515366430261,73.99397835279473,True
DetR-large-scale.coco-segmentation/Oak Port,10,5.9014184958237506,244,0.0,0.0,0.0,0.0,133.37873563218392,73.76206861400694,True
DetR-large-scale.coco-segmentation/Oak Port,11,5.7465687934513126,202,0.0,0.0,0.0,0.0,131.76382411725515,70.88936673123838,False
DetR-large-scale.coco-segmentation/Oak Port,12,5.561813662159964,233,0.0,0.0,0.0,0.0,131.1625386996904,73.37615810380868,False
DetR-large-scale.coco-segmentation/Oak Port,13,8.669194502311122,277,0.0,0.0,0.0,0.0,128.580032395818,77.78637671440295,True
DetR-large-scale.coco-segmentation/Oak Port,14,5.983736495995393,208,0.0,0.0,0.0,0.0,134.0413195601466,70.47484225590374,True
DetR-large-scale.coco-segmentation/Oak Port,15,5.867727777547489,231,0.0,0.0,0.0,0.0,125.22189609627237,73.02973779530633,False
DetR-large-scale.coco-segmentation/Oak Port,16,5.991831373347039,178,0.0,0.0,0.0,0.0,132.38453713123093,70.17863158101851,True
DetR-large-scale.coco-segmentation/Oak Port,17,7.72548785447569,301,0.0,0.0,0.0,0.0,122.49947386881796,72.58790616269428,True
DetR-large-scale.coco-segmentation/Oak Port,18,5.989481661235914,187,0.0,0.0,0.0,0.0,142.88759278897138,70.19231335042487,False
DetR-large-scale.coco-segmentation/Oak Port,19,5.961097335960356,259,0.0,0.0,0.0,0.0,144.91775117126497,71.55208368153743,False
DetR-large-scale.coco-segmentation/Oak Port,20,5.524560103760697,332,0.0,0.0,0.0,0.0,153.18766816143497,72.8486112553088,False
DetR-large-scale.coco-segmentation/Oak Port,21,5.868736247969926,409,0.0,0.0,0.0,0.0,163.25124910778015,70.59729397079336,False
fariq-generalize-dos.coco-segmentation/Saint Brookville,0,5.0730690860733825,388,0.0,0.0,0.0,0.0,141.52176234979973,38.40673504426811,False
fariq-generalize-dos.coco-segmentation/Saint Brookville,1,5.051342048038617,435,0.0,0.0,0.0,0.0,143.39558089807556,41.38084726950847,False
fariq-generalize-dos.coco-segmentation/Saint Brookville,2,4.641423361943343,397,0.0,0.0,0.0,0.0,141.1158536585366,37.69488007269383,True
fariq-generalize-dos.coco-segmentation/Saint Brookville,3,3.8354619037493105,1183,0.0,0.0,0.0,0.0,178.4571371008361,48.759423347177005,True
fariq-generalize-dos.coco-segmentation/Saint Brookville,4,5.320545259551798,389,0.0,0.0,0.0,0.0,145.80171387764818,39.8382346338687,False
fariq-generalize-dos.coco-segmentation/Saint Brookville,5,5.098941583356936,432,0.0,0.0,0.0,0.0,145.4278122232064,41.859907726147966,False
fariq-generalize-dos.coco-segmentation/Saint Brookville,6,5.300142152959686,389,0.0,0.0,0.0,0.0,143.32570036540804,38.375469030247196,False
fariq-generalize-dos.coco-segmentation/Saint Brookville,7,5.244595399677065,441,0.0,0.0,0.0,0.0,140.6451821513257,40.53095541173265,False
fariq-generalize-dos.coco-segmentation/Saint Brookville,8,5.123457193929092,387,0.0,0.0,0.0,0.0,140.72988068037574,38.38948256922666,False
fariq-generalize-dos.coco-segmentation/Saint Brookville,9,5.159335178758745,432,0.0,0.0,0.0,0.0,162.55894217839534,53.93457696281275,True
fariq-generalize-dos.coco-segmentation/Saint Brookville,10,5.398914029010976,391,0.0,0.0,0.0,0.0,142.23003347680535,39.202202733239965,False
fariq-generalize-dos.coco-segmentation/Saint Brookville,11,5.136679197771148,434,0.0,0.0,0.0,0.0,160.2245668591737,52.680254670018826,True
fariq-generalize-dos.coco-segmentation/Saint Brookville,12,5.577723944247024,382,0.0,0.0,0.0,0.0,143.4267753201397,39.77743880827748,False
fariq-generalize-dos.coco-segmentation/Saint Brookville,13,2.538264709274461,1445,0.0,0.0,0.0,0.0,158.6505021141649,53.80234628148388,True
fariq-generalize-dos.coco-segmentation/Saint Brookville,14,5.185768772244613,417,0.0,0.0,0.0,0.0,137.91286210892235,38.48167382572413,True
fariq-generalize-dos.coco-segmentation/Saint Brookville,15,5.235763281482991,378,0.0,0.0,0.0,0.0,145.4143535883971,38.86048942609467,True
fariq-generalize-dos.coco-segmentation/Saint Brookville,16,4.70780160942203,418,0.0,0.0,0.0,0.0,138.80835254932103,38.29660478320911,False
fariq-generalize-dos.coco-segmentation/Saint Brookville,17,5.247588790684389,393,0.0,0.0,0.0,0.0,144.7214178731902,39.630996099125575,False
fariq-generalize-dos.coco-segmentation/Saint Brookville,18,4.748935819393148,419,0.0,0.0,0.0,0.0,162.18577575297394,53.880779086776904,True
fariq-generalize-dos.coco-segmentation/Saint Brookville,19,6.246136408282604,491,0.0,0.0,0.0,0.0,152.98135947292303,50.96133813514874,True
fariq-generalize-dos.coco-segmentation/Saint Brookville,20,6.430822730289305,569,0.0,0.0,0.0,0.0,152.96799566042853,53.38404802498099,True
fariq-generalize-dos.coco-segmentation/Saint Brookville,21,3.9881757439560492,895,0.0,0.0,0.0,0.0,174.3117952616242,54.99760043584531,True
fariq-generalize-dos.coco-segmentation/Saint Brookville,22,4.902662738446497,414,0.0,0.0,0.0,0.0,162.10273304050756,49.44862345395429,True
fariq-generalize-dos.coco-segmentation/Saint Brookville,23,2.913586482391421,883,0.0,0.0,0.0,0.0,153.64928096157973,45.85555708177979,True
fariq-generalize-dos.coco-segmentation/Saint Brookville,24,5.369933541031556,423,0.0,0.0,0.0,0.0,142.95607118720432,38.54851985995046,False
fariq-generalize-dos.coco-segmentation/Saint Brookville,25,4.640349936593157,391,0.0,0.0,0.0,0.0,141.79748643244787,38.51287048947688,False
fariq-generalize-dos.coco-segmentation/Saint Brookville,26,5.064645475220503,411,0.0,0.0,0.0,0.0,139.6426606651663,39.710317523939466,False
fariq-generalize-dos.coco-segmentation/Saint Brookville,27,3.6039488615069115,401,0.0,0.0,0.0,0.0,138.324428613832,35.81782672147065,False
fariq-generalize-dos.coco-segmentation/Saint Brookville,28,2.6458930494681066,1506,0.0,0.0,0.0,0.0,163.0939652513622,49.51405692966635,True
fariq-generalize-dos.coco-segmentation/Saint Brookville,29,2.9984643682029404,1528,0.0,0.0,0.0,0.0,167.559897121377,53.29734590995972,True
DetR-large-scale.coco-segmentation/South Greenport,0,4.725547699146074,1739,21.39568876421084,31.43962085416273,97.27737585511098,69.53782046701599,210.4652295880703,41.52761848265069,True
DetR-large-scale.coco-segmentation/South Greenport,1,4.3550691126934025,466,29.247380316416685,41.687563114801904,78.96548181631395,49.06800629765739,177.599547976166,38.39684030207403,False
DetR-large-scale.coco-segmentation/South Greenport,2,5.436252617432787,465,30.736641221374047,43.30874800948832,87.46401308615049,53.39486586008506,186.72809887313704,42.73805235209338,False
DetR-large-scale.coco-segmentation/South Greenport,3,4.917364798821067,466,35.31259354286936,48.72282220392352,86.69125507804148,51.560522968923465,185.72760316442165,43.455080448315954,False
DetR-large-scale.coco-segmentation/South Greenport,4,6.75703459481013,599,28.265462300840547,38.17655746401467,95.32781332329695,55.52393485775615,202.66039392798896,45.46505630062391,True
DetR-large-scale.coco-segmentation/South Greenport,5,5.204545467256475,469,34.54925258719816,45.95873597516427,88.88654656956689,54.566961117561235,191.80663089306248,41.75040799513088,False
DetR-large-scale.coco-segmentation/South Greenport,6,2.813591825961082,973,31.688181655640978,45.74437909721096,89.57893795816199,57.51632111418002,188.3824423386376,42.21162607596034,True
DetR-large-scale.coco-segmentation/South Greenport,7,4.411039378525277,482,29.60186595582635,43.88694647792715,97.75209444021326,52.08505776127786,183.2970297029703,36.5883021273668,False
DetR-large-scale.coco-segmentation/South Greenport,8,4.2065044394193665,454,20.274274492690378,31.451684064544068,116.3096225180013,84.02701274571251,214.8991926685577,44.50930473446204,True
DetR-large-scale.coco-segmentation/South Greenport,9,4.770191998158494,495,28.38277319380157,42.49197707088376,84.79714228214932,55.24273722384851,177.08995773797545,37.77286128806669,False
DetR-large-scale.coco-segmentation/South Greenport,10,5.837986921892671,677,24.463282286265525,36.52523590295249,90.64307247075847,61.85550030079887,190.6453635596286,41.135293674094875,True
DetR-large-scale.coco-segmentation/South Greenport,11,3.5831932502547112,518,23.028747433264886,38.230653266060756,83.27335728952772,51.38107487049783,157.32546201232032,31.280448468791512,False
DetR-large-scale.coco-segmentation/South Greenport,12,4.4706167628493745,518,21.838512869399427,35.96017875022876,78.7769304099142,55.03837123857115,173.19714013346044,34.733099619397926,False
DetR-large-scale.coco-segmentation/South Greenport,13,4.128628769568943,484,33.6927291886196,49.17338627378187,74.80063224446786,53.21343666348895,176.45900948366702,33.16634409901906,False
DetR-large-scale.coco-segmentation/South Greenport,14,4.538682642477115,430,15.203045685279188,21.35524141519983,110.11294416243655,83.40198824332279,221.1503807106599,36.91981547641806,True
DetR-large-scale.coco-segmentation/South Greenport,15,5.319576716315503,593,35.767644362969754,47.915098281285374,90.20546898869539,61.82532415133536,193.43813015582035,41.23660138054334,True
DetR-large-scale.coco-segmentation/South Greenport,16,2.7624911633460285,1055,31.176014427412085,45.031507274523705,97.84400360685302,63.10091830198384,194.17240757439134,42.14123956222807,True
DetR-large-scale.coco-segmentation/South Greenport,17,7.230085130242609,689,33.434494359786264,41.99719291655329,98.71363546408074,60.314763505447765,193.0128636453592,45.20005263641036,True
DetR-large-scale.coco-segmentation/South Greenport,18,4.579780819912112,501,38.99162654385598,47.505022519217285,102.45823738748169,71.51469546930599,221.12413648733514,33.42444476522094,True
DetR-large-scale.coco-segmentation/South Greenport,19,5.2294789743222365,483,27.186157912124216,39.68917307284174,92.00561612157252,53.42566103347285,182.94152626362737,43.18118820638585,True
DetR-large-scale.coco-segmentation/South Greenport,20,4.884300312102342,493,29.552661752661752,41.796373352593704,93.58247338247338,54.93529322197549,178.62637182637184,39.84328176009816,False
DetR-large-scale.coco-segmentation/South Greenport,21,4.683754832592853,521,28.71380846325167,40.38915351581739,92.57145508537491,54.6146408904263,181.83203414996288,37.76957299456608,False
DetR-large-scale.coco-segmentation/South Greenport,22,3.713184837656211,491,28.272727272727273,42.38274214767047,77.15422077922078,46.18192338047526,177.3276515151515,39.22860148906216,False
DetR-large-scale.coco-segmentation/South Greenport,23,4.841913350676424,484,20.251041046995837,28.68278227811352,68.88201467380527,48.62981363615649,179.8189569700575,36.251779193419075,False
DetR-large-scale.coco-segmentation/South Greenport,24,6.331725611133052,702,20.88117315057448,27.857639261487925,87.13545656117718,60.449668831520775,190.4928441846402,41.345723554832574,True
DOS-semicon.coco-segmentation/Spring Brook,0,6.278679742776517,474,0.0,0.0,0.0,0.0,171.24985665137615,73.69121578458132,False
DOS-semicon.coco-segmentation/Spring Brook,1,5.890553091227523,394,0.0,0.0,0.0,0.0,157.02470501474926,76.24177344462043,False
DOS-semicon.coco-segmentation/Spring Brook,2,5.543521481538636,1116,0.0,0.0,0.0,0.0,163.24722852945104,63.46726252628782,True
DOS-semicon.coco-segmentation/Spring Brook,3,6.49124527051942,216,0.0,0.0,0.0,0.0,150.33398821218074,74.81493033679017,False
DOS-semicon.coco-segmentation/Spring Brook,4,6.991239604087261,219,0.0,0.0,0.0,0.0,139.40078226857887,73.79908769686799,False
DOS-semicon.coco-segmentation/Spring Brook,5,5.670246244108324,257,0.0,0.0,0.0,0.0,134.1917558048526,77.75919611267595,False
DOS-semicon.coco-segmentation/Spring Brook,6,6.687423822148118,259,0.0,0.0,0.0,0.0,149.9712643678161,77.88987743825831,True
DOS-semicon.coco-segmentation/Spring Brook,7,6.116630811814158,229,0.0,0.0,0.0,0.0,145.12052117263843,77.69579744390936,False
DOS-semicon.coco-segmentation/Spring Brook,8,9.73174212167679,439,0.0,0.0,0.0,0.0,143.11037860237332,83.2498008995191,True
DOS-semicon.coco-segmentation/Spring Brook,9,5.718851279266621,253,0.0,0.0,0.0,0.0,142.6353217749045,77.04689512043862,False
DOS-semicon.coco-segmentation/Spring Brook,10,6.749262745352731,278,0.0,0.0,0.0,0.0,141.6354932086395,77.48587376358596,True
DOS-semicon.coco-segmentation/Spring Brook,11,5.913439682836102,217,0.0,0.0,0.0,0.0,155.82787623911085,75.00768834746277,True
DOS-semicon.coco-segmentation/Spring Brook,12,5.472877458044385,304,0.0,0.0,0.0,0.0,151.12992983305105,76.33509990998583,False
DOS-semicon.coco-segmentation/Spring Brook,13,6.306049654486083,405,0.0,0.0,0.0,0.0,154.39366737391873,75.96329901026299,False
DOS-semicon.coco-segmentation/Spring Brook,14,8.300614709436374,692,0.0,0.0,0.0,0.0,165.3924914675768,75.34268085979222,True
DOS-semicon.coco-segmentation/Spring Brook,15,6.5708592129835965,565,0.0,0.0,0.0,0.0,154.53487470937742,72.71856665193361,False
DOS-semicon.coco-segmentation/Spring Brook,16,6.035482944345181,402,0.0,0.0,0.0,0.0,133.31882270003524,70.48189063083767,False
DOS-semicon.coco-segmentation/Spring Brook,17,6.228116933679271,221,0.0,0.0,0.0,0.0,135.67276700355094,70.70686526918796,False
DOS-semicon.coco-segmentation/Spring Brook,18,6.76227959514378,220,0.0,0.0,0.0,0.0,147.39624786810688,76.70349213093313,True
DOS-semicon.coco-segmentation/Spring Brook,19,6.673269334753575,176,0.0,0.0,0.0,0.0,128.93169984686065,69.46368550987162,False
DOS-semicon.coco-segmentation/Spring Brook,20,8.770289312079829,454,0.0,0.0,0.0,0.0,141.25429587201265,80.10914820372443,True
DOS-semicon.coco-segmentation/Spring Brook,21,2.3340523424692656,1060,0.0,0.0,0.0,0.0,148.23487883991604,74.05317100489476,True
DetR-large-scale.coco-segmentation/Grand Rockland,0,6.2950068619463435,472,25.029868738280204,38.55049523675553,84.55746048754354,49.62128723635803,186.43075274578086,54.96516040834824,True
DetR-large-scale.coco-segmentation/Grand Rockland,1,5.0487500402260475,278,27.445969125214408,35.41182483231342,106.74922813036021,39.63947166414369,173.05145797598627,49.23433057816258,False
DetR-large-scale.coco-segmentation/Grand Rockland,2,5.318006830259497,328,33.14954276492738,42.67990386880367,106.93249058633674,39.925044264612225,186.30688542227003,50.14676374264305,False
DetR-large-scale.coco-segmentation/Grand Rockland,3,4.838019289900442,1133,49.52680092951201,63.976525654100826,89.51285824941905,55.26333786209443,176.29852827265685,55.0960146870427,True
DetR-large-scale.coco-segmentation/Grand Rockland,4,5.702479587511606,266,34.243883984867594,46.12225971160318,107.67465321563682,38.98017830633911,179.6078184110971,46.816524059364696,False
DetR-large-scale.coco-segmentation/Grand Rockland,5,5.333540911539101,545,19.343670028601537,13.963277364433091,107.78187565858799,32.74183162921466,182.81484269155501,42.189011942250396,False
DetR-large-scale.coco-segmentation/Grand Rockland,6,5.877674018433079,439,25.049810948545126,33.232357652558406,106.38714450106855,35.85531154359894,166.84662173269768,43.656701600332994,True
DetR-large-scale.coco-segmentation/Grand Rockland,7,5.230225106091451,425,23.060686516214677,26.523485330877094,104.94708894367533,32.8920509616551,177.61179594158924,44.96159801532715,False
DetR-large-scale.coco-segmentation/Grand Rockland,8,5.443283994698184,403,24.625195924764892,32.45348129611792,107.36559561128527,32.77696011139044,169.3730407523511,44.69220258902583,False
DetR-large-scale.coco-segmentation/Grand Rockland,9,5.2777010551186105,359,23.12440300204685,27.224840459387277,106.13077098021378,32.30645491290294,172.65271776211054,46.164814105665755,True
DetR-large-scale.coco-segmentation/Grand Rockland,10,4.797402494086727,279,19.518257527226137,16.4976990545298,104.06149903907752,29.625108990490308,172.37764253683537,43.50744102508526,False
DetR-large-scale.coco-segmentation/Grand Rockland,11,5.261997147824108,282,19.59654980523094,16.02989171124467,103.98135781858653,29.81116487474384,171.55286588759043,46.14664286383069,False
DetR-large-scale.coco-segmentation/Grand Rockland,12,5.6218612686478036,332,20.964350590372387,22.346933190803075,105.79087193460491,30.334175686664242,169.40463215258856,45.85397919649513,False
DetR-large-scale.coco-segmentation/Grand Rockland,13,5.2649867423090795,339,19.479495268138802,16.59910650166939,105.34227129337539,29.098452521404987,177.16809373591707,42.99568347197656,True
DetR-large-scale.coco-segmentation/Grand Rockland,14,5.119791871094147,333,19.5552717138876,13.900276383657138,102.9117510450534,28.687614174287845,176.82257315373897,39.78702138353023,False
DetR-large-scale.coco-segmentation/Grand Rockland,15,4.8566654155312365,332,19.770674784373416,14.442073538048657,104.90309487569762,29.852278714617913,177.37417554540843,42.5309422416562,False
DetR-large-scale.coco-segmentation/Grand Rockland,16,5.025646993843892,308,22.734055354993984,24.181641310180254,112.73134777376654,36.16340061986555,179.57039711191337,46.06593704331481,True
DetR-large-scale.coco-segmentation/Grand Rockland,17,7.017744002429342,420,19.778754469606675,26.293703191655883,93.61218712753278,57.13942695284012,187.17133492252682,52.59837392861409,True
DetR-large-scale.coco-segmentation/Grand Rockland,18,3.275646448250514,709,28.218968192397206,39.426217744519235,100.20131885182312,51.18709697405646,179.88363072148954,53.69669976848252,True
DetR-large-scale.coco-segmentation/Grand Rockland,19,4.5544254428014845,262,21.496376811594203,17.693136757561707,106.36666666666666,32.61551896405584,182.68623188405797,46.84448630730734,False
DetR-large-scale.coco-segmentation/Grand Rockland,20,4.6432508474991305,278,27.521439509954057,33.573738867938545,109.32427258805512,41.11318715645298,177.0168453292496,50.89125743945947,False
DetR-large-scale.coco-segmentation/Grand Rockland,21,4.289888585918134,276,20.73810492069947,11.675693280063594,112.23058153721024,35.321933461175455,184.14111427409517,47.19752490971801,True
DetR-large-scale.coco-segmentation/Grand Rockland,22,5.247486454756332,289,29.348117421825144,39.129728781364214,108.02807913209955,37.87540252559949,180.95532865347798,50.36806375280472,False
DetR-large-scale.coco-segmentation/Grand Rockland,23,4.296319476652247,256,81.49558173784978,73.6180559984538,83.46649484536083,46.66093640711052,163.98748159057436,55.21776268596434,True
fariq-generalize-dos.coco-segmentation/New Goldfield,0,4.9860029130242545,441,20.87713841368585,41.80622485221559,77.6381544841887,20.306432057558112,131.12182477967858,28.791352146896028,False
fariq-generalize-dos.coco-segmentation/New Goldfield,1,5.74226863256052,432,18.09217238346526,36.97982930112075,77.94019349164468,22.827993067914118,132.6524186455585,37.160431333059584,False
fariq-generalize-dos.coco-segmentation/New Goldfield,2,4.732395332011265,440,15.997536012130402,30.433004035773806,79.1658453373768,19.648936898794403,135.73919636087945,30.707030895794635,False
fariq-generalize-dos.coco-segmentation/New Goldfield,3,6.116039349767188,451,15.402349278233796,29.00910756437659,76.851259552788,17.339611845299547,136.01825643928672,30.433835108403766,False
fariq-generalize-dos.coco-segmentation/New Goldfield,4,9.7508020895175,468,31.171364985163205,54.07716392443709,86.63616880975931,25.74022186236478,129.2657434882954,44.36712830577424,False
fariq-generalize-dos.coco-segmentation/New Goldfield,5,7.183518110147937,495,34.66465360072926,56.32323660952577,88.26788969917958,27.736332610604844,131.64949863263445,38.548389510349345,False
fariq-generalize-dos.coco-segmentation/New Goldfield,6,9.481063119276438,540,36.56740472962795,58.14871340252987,86.89599337249585,27.914930816102654,128.6604910378069,43.07663971469557,False
DOS-semicon.coco-segmentation/Port Lakefield,0,5.995008268668044,500,0.0,0.0,0.0,0.0,202.3635821785129,68.13194975766086,True
DOS-semicon.coco-segmentation/Port Lakefield,1,6.1327830159480206,430,0.0,0.0,0.0,0.0,196.49207188160676,67.9379803647825,True
DOS-semicon.coco-segmentation/Port Lakefield,2,6.281759496839859,313,0.0,0.0,0.0,0.0,150.87102473498234,73.20734005184056,False
DOS-semicon.coco-segmentation/Port Lakefield,3,6.777634477905073,228,0.0,0.0,0.0,0.0,152.6021897810219,76.97528954246228,False
DOS-semicon.coco-segmentation/Port Lakefield,4,6.469640383174974,285,0.0,0.0,0.0,0.0,135.1117543418072,73.92201110234087,False
DOS-semicon.coco-segmentation/Port Lakefield,5,3.025212579106003,936,0.0,0.0,0.0,0.0,152.46608282618377,66.76706265867442,True
DOS-semicon.coco-segmentation/Port Lakefield,6,7.275214516166428,923,0.0,0.0,0.0,0.0,172.08619682094437,59.23933726975248,True
DOS-semicon.coco-segmentation/Port Lakefield,7,6.484875301907265,239,0.0,0.0,0.0,0.0,142.33324866649733,74.8064453209542,False
DOS-semicon.coco-segmentation/Port Lakefield,8,6.414859978069689,276,0.0,0.0,0.0,0.0,142.8854704693465,76.55322067825524,False
DOS-semicon.coco-segmentation/Port Lakefield,9,6.235970585432344,219,0.0,0.0,0.0,0.0,141.302205281786,74.69979951020997,False
DOS-semicon.coco-segmentation/Port Lakefield,10,5.891128740201616,1046,0.0,0.0,0.0,0.0,167.4736599195622,67.93791414584851,True
DOS-semicon.coco-segmentation/Port Lakefield,11,6.104075917406552,243,0.0,0.0,0.0,0.0,148.73352435530086,75.13159835222467,False
DOS-semicon.coco-segmentation/Port Lakefield,12,6.001912108248989,306,0.0,0.0,0.0,0.0,150.54163962794723,76.31359946147838,False
DOS-semicon.coco-segmentation/Port Lakefield,13,6.7436321948842055,398,0.0,0.0,0.0,0.0,158.5604016786571,76.01289811719052,False
DOS-semicon.coco-segmentation/Port Lakefield,14,6.350435364511633,487,0.0,0.0,0.0,0.0,167.20243635368192,76.40033666279886,False
DOS-semicon.coco-segmentation/Port Lakefield,15,6.368458641380072,563,0.0,0.0,0.0,0.0,153.8080741230973,73.6927329466306,True
DOS-semicon.coco-segmentation/Port Lakefield,16,6.399287736640115,402,0.0,0.0,0.0,0.0,137.6408230452675,72.4961554546253,False
DOS-semicon.coco-segmentation/Port Lakefield,17,4.408370180605035,1348,0.0,0.0,0.0,0.0,199.10853174603176,63.17708844137158,True
DOS-semicon.coco-segmentation/Port Lakefield,18,6.85379703973348,202,0.0,0.0,0.0,0.0,133.98406827880513,67.17441917225986,False
DOS-semicon.coco-segmentation/Port Lakefield,19,6.553332172206865,197,0.0,0.0,0.0,0.0,122.07594936708861,66.19882731606923,False
DOS-semicon.coco-segmentation/Port Lakefield,20,9.912229431319108,480,0.0,0.0,0.0,0.0,137.04058186626995,80.10019712725482,True
DOS-semicon.coco-segmentation/Port Lakefield,21,5.870391166351376,261,0.0,0.0,0.0,0.0,132.48023314749113,75.93759435041851,False
UNISEM-ZN1461.coco-segmentation/Cedar Ridge,0,5.030564698658681,190,0.0,0.0,0.0,0.0,194.5974947807933,69.67232577652406,False
UNISEM-ZN1461.coco-segmentation/Cedar Ridge,1,4.560262630216637,154,0.0,0.0,0.0,0.0,232.0536082474227,43.72406305147877,False
UNISEM-ZN1461.coco-segmentation/Cedar Ridge,2,7.56618266642275,494,0.0,0.0,0.0,0.0,148.49609565641776,90.45324896486191,True
UNISEM-ZN1461.coco-segmentation/Cedar Ridge,3,5.617678363930024,1952,0.0,0.0,0.0,0.0,78.39142091152814,74.58316898627032,True
UNISEM-ZN1461.coco-segmentation/Cedar Ridge,4,4.838898100652506,265,0.0,0.0,0.0,0.0,214.8052999631947,49.18282539870681,False
UNISEM-ZN1461.coco-segmentation/Cedar Ridge,5,5.264909075615801,272,0.0,0.0,0.0,0.0,198.24975091331783,58.458028917389996,True
UNISEM-ZN1461.coco-segmentation/Cedar Ridge,6,5.4671000151595885,482,0.0,0.0,0.0,0.0,158.73775761013425,83.26891887831728,False
UNISEM-ZN1461.coco-segmentation/Cedar Ridge,7,5.016482849715297,375,0.0,0.0,0.0,0.0,187.5353798126951,72.43875411618183,False
UNISEM-ZN1461.coco-segmentation/Cedar Ridge,8,5.006457055641832,412,0.0,0.0,0.0,0.0,150.9306335981399,74.29188699531447,False
UNISEM-ZN1461.coco-segmentation/Cedar Ridge,9,5.496047803078958,460,0.0,0.0,0.0,0.0,184.40484375,74.18217235487302,False
UNISEM-ZN1461.coco-segmentation/Cedar Ridge,10,6.636654032880776,526,0.0,0.0,0.0,0.0,184.3740140694948,68.8054348780086,False
UNISEM-ZN1461.coco-segmentation/Cedar Ridge,11,6.602099865606098,599,0.0,0.0,0.0,0.0,191.03376541919297,68.3699353148906,False
UNISEM-ZN1461.coco-segmentation/Cedar Ridge,12,6.113677139785382,477,0.0,0.0,0.0,0.0,172.91186839012926,71.74453749625417,False
UNISEM-ZN1461.coco-segmentation/Cedar Ridge,13,5.441769301254572,379,0.0,0.0,0.0,0.0,180.5345899727944,66.87386009647014,False
UNISEM-ZN1461.coco-segmentation/Cedar Ridge,14,5.66431585364721,319,0.0,0.0,0.0,0.0,180.23854008255486,68.36437385858306,False
UNISEM-ZN1461.coco-segmentation/Cedar Ridge,15,5.4337654096629056,285,0.0,0.0,0.0,0.0,176.1900804985718,71.16774041875546,False
UNISEM-ZN1461.coco-segmentation/Cedar Ridge,16,5.803176093627514,278,0.0,0.0,0.0,0.0,147.2877858337981,77.04561668931747,True
UNISEM-ZN1461.coco-segmentation/Cedar Ridge,17,5.513730970944644,273,0.0,0.0,0.0,0.0,144.00378310214376,73.77581398872009,False
UNISEM-ZN1461.coco-segmentation/Cedar Ridge,18,5.108169860583146,280,0.0,0.0,0.0,0.0,170.2042944785276,66.0239544274998,False
UNISEM-ZN1461.coco-segmentation/Cedar Ridge,19,7.06189726803122,430,0.0,0.0,0.0,0.0,106.51874225526642,78.93898885212252,True
UNISEM-ZN1461.coco-segmentation/Cedar Ridge,20,5.57860308332984,266,0.0,0.0,0.0,0.0,190.45951982132885,69.6316495518495,False
UNISEM-ZN1461.coco-segmentation/Cedar Ridge,21,5.472574288286442,262,0.0,0.0,0.0,0.0,204.73984696880518,63.21687407613371,False
UNISEM-ZN1461.coco-segmentation/Cedar Ridge,22,5.479753719230702,255,0.0,0.0,0.0,0.0,189.67099192618224,66.97449892951212,False
UNISEM-ZN1461.coco-segmentation/Cedar Ridge,23,5.189737924328887,211,0.0,0.0,0.0,0.0,221.36054421768708,54.493168948490826,False
DetR-large-scale.coco-segmentation/Stone Ridge,0,5.009181464461458,363,40.40802370640529,57.14112123453005,69.1112377478915,51.02574855176174,163.2113061317529,57.43546565198681,True
DetR-large-scale.coco-segmentation/Stone Ridge,1,4.867197335304206,263,24.080773213669314,27.155080138167914,107.59509837763203,34.538448159140216,183.01035554021402,48.16941570505262,False
DetR-large-scale.coco-segmentation/Stone Ridge,2,5.165856597830701,327,26.554176072234764,33.53225931607249,109.09198645598194,34.044362624787574,188.13882618510158,48.237835159077655,False
DetR-large-scale.coco-segmentation/Stone Ridge,3,4.443460101046802,266,25.31077504725898,28.03848653188231,109.6086956521739,35.92503221304758,189.94442344045368,50.74021767862261,False
DetR-large-scale.coco-segmentation/Stone Ridge,4,5.442069748433965,271,24.797830113786716,32.482965357625496,107.49960306959512,34.80795514782595,179.99550145541147,44.427328185322565,False
DetR-large-scale.coco-segmentation/Stone Ridge,5,5.043191194419163,685,20.966791092804737,23.265981313604573,101.85480756854164,36.82654814584068,184.58411635989188,45.66199230767129,True
DetR-large-scale.coco-segmentation/Stone Ridge,6,5.990311820338073,409,30.740812692245427,44.25274378913848,78.90416059575846,45.826172510337074,170.5887971507204,54.45549792083911,True
DetR-large-scale.coco-segmentation/Stone Ridge,7,5.196313097459043,419,22.428184281842817,28.23032054610097,110.43399148277197,30.206019246847575,173.6606658923732,39.94135787349276,False
DetR-large-scale.coco-segmentation/Stone Ridge,8,4.819362614175303,397,19.48855129898723,18.3792242463773,117.70255394099516,30.54666738348724,173.35997357992073,39.485669644376344,False
DetR-large-scale.coco-segmentation/Stone Ridge,9,5.382708178556139,376,22.564544650751547,28.884462033858394,112.24314765694076,31.484830451125358,166.43987621573828,41.9667741674929,False
DetR-large-scale.coco-segmentation/Stone Ridge,10,4.383799346662703,281,19.59986033519553,16.645031301250228,112.09532122905028,30.1114026622453,173.64106145251398,41.710030089254346,False
DetR-large-scale.coco-segmentation/Stone Ridge,11,5.354882176693726,311,19.642162162162162,19.218925235739555,109.14675675675676,29.988679445530423,169.31567567567566,47.79862400713952,False
DetR-large-scale.coco-segmentation/Stone Ridge,12,7.416033001078896,445,22.099946695095948,31.53325790243884,98.7400053304904,46.227518235542945,177.07715884861406,51.84207290471633,True
DetR-large-scale.coco-segmentation/Stone Ridge,13,6.809933192032943,478,19.169135643436817,24.46796475186092,92.12559577482932,48.538085146240896,189.38735025119155,48.88021916963658,True
DetR-large-scale.coco-segmentation/Stone Ridge,14,5.171150055000616,356,19.275405343685772,15.385239967264459,104.09317195706782,29.453381970268378,177.53368348938113,42.73601709647259,False
DetR-large-scale.coco-segmentation/Stone Ridge,15,4.056674584880311,720,31.320475638051043,49.8473594518439,79.01798143851508,51.28585522158522,178.44852088167053,48.78010957387844,True
DetR-large-scale.coco-segmentation/Stone Ridge,16,3.607499163375279,695,30.12368828487872,45.72967501566374,92.25219335971099,52.949209950940805,178.3048339927748,48.011370137801705,True
DetR-large-scale.coco-segmentation/Stone Ridge,17,5.042168601427753,299,21.103812316715544,18.291395429451626,117.52903225806452,37.698890459517834,182.8674486803519,44.18520103230223,False
DetR-large-scale.coco-segmentation/Stone Ridge,18,5.178319537578855,285,24.088907705334464,35.173682983423156,92.82528930285069,56.95473801992243,170.23793395427603,49.82907964237713,True
DetR-large-scale.coco-segmentation/Stone Ridge,19,4.819715587370307,231,20.781653296128358,17.279835513371015,108.35507499128008,32.876747845353364,180.23578653644924,44.383034118679014,False
DetR-large-scale.coco-segmentation/Stone Ridge,20,4.61458348170452,266,24.347091194968552,26.348419260245876,109.58529874213836,37.28515757908121,178.1631289308176,48.3034307636955,False
DetR-large-scale.coco-segmentation/Stone Ridge,21,4.843599181560791,256,22.458515283842793,22.11203008229666,111.85334788937409,36.42553319325854,182.67758369723435,49.68575317036231,False
DetR-large-scale.coco-segmentation/Stone Ridge,22,4.875094913884462,279,24.323913811374073,29.919803151777348,109.9833980925468,35.286275465256224,177.83998587071707,49.411530014153676,False
DetR-large-scale.coco-segmentation/Stone Ridge,23,3.5594633248523926,277,23.081923419412288,25.236132611330966,110.39447907390917,27.85820293656938,179.49376669634907,41.52971778040089,False
UNISEM-ZN1461.coco-segmentation/San Millboro,0,5.473449831100088,210,0.0,0.0,0.0,0.0,185.41490545050056,75.38691379001186,False
UNISEM-ZN1461.coco-segmentation/San Millboro,1,5.386201760847491,172,0.0,0.0,0.0,0.0,164.1318082788671,87.16878208356901,True
UNISEM-ZN1461.coco-segmentation/San Millboro,2,4.300530375255756,316,0.0,0.0,0.0,0.0,108.09543010752688,64.09458027830097,False
UNISEM-ZN1461.coco-segmentation/San Millboro,3,7.72555757399,489,0.0,0.0,0.0,0.0,88.86281805088814,63.171094323821485,True
UNISEM-ZN1461.coco-segmentation/San Millboro,4,5.610032684623582,313,0.0,0.0,0.0,0.0,166.98486457780137,60.62259327179589,False
UNISEM-ZN1461.coco-segmentation/San Millboro,5,3.4967288391544598,2154,0.0,0.0,0.0,0.0,82.82939604489577,80.0870369107414,True
UNISEM-ZN1461.coco-segmentation/San Millboro,6,4.886144244409962,451,0.0,0.0,0.0,0.0,114.55962324506842,64.9860215812592,False
UNISEM-ZN1461.coco-segmentation/San Millboro,7,6.236265451195606,559,0.0,0.0,0.0,0.0,193.262487428763,66.30492685449047,False
UNISEM-ZN1461.coco-segmentation/San Millboro,8,6.1506955813863335,625,0.0,0.0,0.0,0.0,194.49796977216332,66.64259398554034,False
UNISEM-ZN1461.coco-segmentation/San Millboro,9,6.207224746074,472,0.0,0.0,0.0,0.0,116.23501762632198,59.1909614181197,False
UNISEM-ZN1461.coco-segmentation/San Millboro,10,5.320111436020186,379,0.0,0.0,0.0,0.0,147.48155613787543,72.8149091756886,False
UNISEM-ZN1461.coco-segmentation/San Millboro,11,6.062595672556449,290,0.0,0.0,0.0,0.0,163.50473584508524,74.20340962153895,False
UNISEM-ZN1461.coco-segmentation/San Millboro,12,3.6276807438075678,550,0.0,0.0,0.0,0.0,129.6854422848076,88.35059294197113,True
UNISEM-ZN1461.coco-segmentation/San Millboro,13,6.016350966486392,261,0.0,0.0,0.0,0.0,143.36425148012404,82.3257116845425,False
UNISEM-ZN1461.coco-segmentation/San Millboro,14,6.101049449981097,262,0.0,0.0,0.0,0.0,146.0836593439663,80.24813823541633,True
UNISEM-ZN1461.coco-segmentation/San Millboro,15,6.295483567261525,260,0.0,0.0,0.0,0.0,145.99661458333333,75.71660594362565,False
UNISEM-ZN1461.coco-segmentation/San Millboro,16,5.974985371696122,266,0.0,0.0,0.0,0.0,154.05399883245767,80.01018070476181,False
UNISEM-ZN1461.coco-segmentation/San Millboro,17,5.5592933510064855,252,0.0,0.0,0.0,0.0,195.81868613138687,69.6794085221479,False
UNISEM-ZN1461.coco-segmentation/San Millboro,18,5.4856830625918835,268,0.0,0.0,0.0,0.0,142.0906650760513,71.3296377373988,True
UNISEM-ZN1461.coco-segmentation/San Millboro,19,5.863957059747421,250,0.0,0.0,0.0,0.0,172.52981350144472,74.07942047205194,False
UNISEM-ZN1461.coco-segmentation/San Millboro,20,5.750525336491897,409,0.0,0.0,0.0,0.0,101.92610457264132,71.39926501697732,True
UNISEM-ZN1461.coco-segmentation/San Millboro,21,5.183125776655469,477,0.0,0.0,0.0,0.0,150.89426596177307,84.7850078947026,False
UNISEM-ZN1461.coco-segmentation/San Millboro,22,6.17130773402624,372,0.0,0.0,0.0,0.0,186.35602678571428,75.70757760903366,False
UNISEM-ZN1461.coco-segmentation/San Millboro,23,4.915343295656035,318,0.0,0.0,0.0,0.0,151.3891654465593,59.08094504231196,True
DetR-large-scale.coco-segmentation/Mill Cedar,0,5.758492444177269,179,0.0,0.0,0.0,0.0,200.4201337295691,76.62482127254184,False
DetR-large-scale.coco-segmentation/Mill Cedar,1,4.672613748001309,143,0.0,0.0,0.0,0.0,231.0555923229649,46.141606702877304,False
DetR-large-scale.coco-segmentation/Mill Cedar,2,4.820642579273121,316,0.0,0.0,0.0,0.0,192.94964473277727,64.75320604382301,False
DetR-large-scale.coco-segmentation/Mill Cedar,3,4.764391449462453,340,0.0,0.0,0.0,0.0,202.185174666288,64.2402328502006,False
DetR-large-scale.coco-segmentation/Mill Cedar,4,4.711776643116593,312,0.0,0.0,0.0,0.0,211.97343453510436,58.46040132100165,False
DetR-large-scale.coco-segmentation/Mill Cedar,5,4.816296757290232,255,0.0,0.0,0.0,0.0,213.76647398843932,52.06152608555787,False
DetR-large-scale.coco-segmentation/Mill Cedar,6,5.461570561819977,466,0.0,0.0,0.0,0.0,83.32702877465245,76.91383296513338,True
DetR-large-scale.coco-segmentation/Mill Cedar,7,5.7395326247213845,334,0.0,0.0,0.0,0.0,153.058582548136,85.44928762075047,False
DetR-large-scale.coco-segmentation/Mill Cedar,8,6.315135386731923,539,0.0,0.0,0.0,0.0,185.719811638076,71.21029907686378,False
DetR-large-scale.coco-segmentation/Mill Cedar,9,4.9522214898442884,1594,0.0,0.0,0.0,0.0,86.99284502861988,78.99721780901207,True
DetR-large-scale.coco-segmentation/Mill Cedar,10,4.90487281170223,364,0.0,0.0,0.0,0.0,219.5635390250775,58.97035403334641,False
DetR-large-scale.coco-segmentation/Mill Cedar,11,5.148258135589371,348,0.0,0.0,0.0,0.0,203.47392787524367,73.69927503650955,True
DetR-large-scale.coco-segmentation/Mill Cedar,12,4.866370645144486,282,0.0,0.0,0.0,0.0,215.95083014048532,61.153389488453115,False
DetR-large-scale.coco-segmentation/Mill Cedar,13,4.891448787016618,282,0.0,0.0,0.0,0.0,206.06418284283032,63.61546935042921,False
DetR-large-scale.coco-segmentation/Mill Cedar,14,4.745044887922723,273,0.0,0.0,0.0,0.0,192.51553205551883,66.71156945888282,False
DetR-large-scale.coco-segmentation/Mill Cedar,15,5.5336536321489875,277,0.0,0.0,0.0,0.0,183.03331314354935,75.94346684300054,False
DetR-large-scale.coco-segmentation/Mill Cedar,16,5.5827380664693385,278,0.0,0.0,0.0,0.0,174.50557103064068,79.52364688975265,True
DetR-large-scale.coco-segmentation/Mill Cedar,17,7.4826189734891875,426,0.0,0.0,0.0,0.0,106.18108190709046,86.76896896844282,True
DetR-large-scale.coco-segmentation/Mill Cedar,18,5.398009933127659,294,0.0,0.0,0.0,0.0,172.70029673590506,81.90239051830076,True
DetR-large-scale.coco-segmentation/Mill Cedar,19,5.204216509736694,297,0.0,0.0,0.0,0.0,169.61620469083155,74.78868121327729,False
DetR-large-scale.coco-segmentation/Mill Cedar,20,5.180035824527824,330,0.0,0.0,0.0,0.0,170.90201593999063,68.53229421154339,False
DetR-large-scale.coco-segmentation/Mill Cedar,21,5.265893294268968,382,0.0,0.0,0.0,0.0,194.76561232765613,70.59343093697832,False
DetR-large-scale.coco-segmentation/Mill Cedar,22,5.358601889533048,480,0.0,0.0,0.0,0.0,173.7794215425532,74.13815799892723,False
DetR-large-scale.coco-segmentation/Brook Pine,0,5.149009478440202,372,24.4346974314323,32.66871385398611,110.76273400087071,34.10978517238248,156.60687853722246,53.73526267806042,True
DetR-large-scale.coco-segmentation/Brook Pine,1,4.9219939513149065,292,30.389327439216924,43.071668193472206,108.2554467950742,41.83949341473933,147.55920429428483,63.24064196950012,True
DetR-large-scale.coco-segmentation/Brook Pine,2,5.227035943452285,337,23.09984317825405,28.844781082354327,118.117354939885,36.081550440397606,165.98693152117093,54.061588434977814,False
DetR-large-scale.coco-segmentation/Brook Pine,3,5.004561629931888,249,27.04884318766067,42.59893543251822,94.24127800220346,51.83474858253131,132.1494674990819,74.27254296036618,True
DetR-large-scale.coco-segmentation/Brook Pine,4,6.02704364845587,280,32.50633528265107,46.543267916254365,116.65765107212475,43.98691768942069,133.88474658869396,59.614789441546755,False
DetR-large-scale.coco-segmentation/Brook Pine,5,6.950006860334109,727,42.523266695023395,54.513955683228495,91.01429179072736,49.36886190350034,154.93024245002127,65.49527879108923,True
DetR-large-scale.coco-segmentation/Brook Pine,6,5.178917390210843,459,32.050153346563235,44.39207918599903,112.5289554392928,44.33225605642575,145.01316976366587,53.64043303363561,False
DetR-large-scale.coco-segmentation/Brook Pine,7,5.418549066115171,281,33.93853734439834,44.38520916793549,105.62992738589212,48.992661049556375,185.2533713692946,48.39904113324221,False
DetR-large-scale.coco-segmentation/Brook Pine,8,5.283555407982513,375,27.203434036079113,38.30802527153792,113.83481851771354,45.03969236946241,160.19560965007608,50.66763125562572,False
DetR-large-scale.coco-segmentation/Brook Pine,9,5.504282605653705,354,35.376101197199006,47.14654925583553,108.26157668850237,45.06749974607264,145.70725096001806,61.374878178210245,False
DetR-large-scale.coco-segmentation/Brook Pine,10,5.750409805054488,291,38.60914201906624,50.3227860508046,108.44879002688829,40.40025248991939,144.9643119041799,57.24022288989169,False
DetR-large-scale.coco-segmentation/Brook Pine,11,5.784502523335993,350,20.140524193548387,26.63759566760911,92.3195564516129,48.286127422026375,184.3405241935484,54.50867764342572,True
DetR-large-scale.coco-segmentation/Brook Pine,12,4.674538279704272,316,19.1618222470654,16.000116203803053,114.9066517607602,32.58470846481996,173.82532140860815,40.85911466862369,False
DetR-large-scale.coco-segmentation/Brook Pine,13,4.198332760303022,254,19.38401559454191,13.207073901095448,111.16998050682261,30.968070637754643,196.72592592592594,40.594165675755576,True
DetR-large-scale.coco-segmentation/Brook Pine,14,3.9482349213570913,576,22.466538461538462,37.77574053057248,68.53961538461539,61.57085636645169,189.6373076923077,61.256921056863966,True
DetR-large-scale.coco-segmentation/Brook Pine,15,4.218566774610251,273,29.64616497829233,41.87605734176597,103.04884225759768,33.78242081272272,152.71201157742402,55.93496443603114,False
DetR-large-scale.coco-segmentation/Brook Pine,16,5.236332817140247,375,27.778934324659232,34.97332957789356,114.18240396530359,36.74789611417536,155.78513011152415,55.02241225862007,False
DetR-large-scale.coco-segmentation/Brook Pine,17,5.559522347644195,317,27.13422459893048,36.609774195489685,115.73475935828877,36.90851850604513,154.0326203208556,54.93920319966547,False
DetR-large-scale.coco-segmentation/Brook Pine,18,5.302305482747448,276,26.021177117711773,38.12593979567013,98.5497799779978,43.18618704952757,138.2970297029703,55.66423387482761,False
DetR-large-scale.coco-segmentation/Brook Pine,19,4.807860440956741,308,28.995736306985897,38.58063478368689,114.64972122007215,36.848888333586586,142.1482453263365,58.8090644824775,False
DetR-large-scale.coco-segmentation/Brook Pine,20,5.461053452413425,313,38.29118881118881,46.805396474617844,83.55244755244755,48.30678741949938,160.76783216783215,61.33551270737637,True
DetR-large-scale.coco-segmentation/Brook Pine,21,7.743605275534706,470,34.03360592895476,51.28190624087122,73.07705085612062,56.47652902747095,169.30858676207512,65.01360191380331,True
DetR-large-scale.coco-segmentation/Brook Pine,22,5.1847849086149305,293,30.03535083020889,45.11462914219768,80.66577396893412,55.716732506281694,166.18960899839314,50.63214679880872,True
DetR-large-scale.coco-segmentation/Brook Pine,23,7.868363801988556,341,26.37463715529753,38.45930070877103,88.2327648766328,56.691230067100456,178.00072568940493,57.44363362868089,True
DetR-large-scale.coco-segmentation/Saint Milldale,0,5.474707746441575,347,21.98475867908552,16.691812898218927,96.24534292972058,29.233572239491235,182.30292125317527,43.48565298089706,False
DetR-large-scale.coco-segmentation/Saint Milldale,1,5.212769097232394,256,21.932152406417114,16.50130876087385,96.37967914438502,26.01191806039059,189.45855614973263,46.338792714255746,False
DetR-large-scale.coco-segmentation/Saint Milldale,2,4.755692322424089,307,23.407053197848178,21.129235400898406,100.91960549910341,29.002243322137257,195.02540346682605,44.40292891068534,False
DetR-large-scale.coco-segmentation/Saint Milldale,3,4.831201326293775,267,23.80594849474066,20.291627752680416,100.16793616249547,30.224064986374742,191.01632208922743,47.132847947502164,False
DetR-large-scale.coco-segmentation/Saint Milldale,4,4.867862487705783,275,20.662259615384617,14.124982766834412,97.68689903846153,27.7242915651218,188.38371394230768,38.662303826442766,False
DetR-large-scale.coco-segmentation/Saint Milldale,5,6.966170824254343,787,22.862989912353232,21.510186137740316,83.35604431949727,41.836769352047945,194.7211840582107,44.8230741202996,True
DetR-large-scale.coco-segmentation/Saint Milldale,6,4.770671087987198,437,21.7102191275855,13.929894982002255,105.55764898627892,24.990805279489877,186.69936514437845,35.35256632751601,True
DetR-large-scale.coco-segmentation/Saint Milldale,7,5.381156161938123,502,21.728821434102525,17.49955713650618,86.10020133188787,42.29105946486833,203.14635279541582,40.96339961336471,True
DetR-large-scale.coco-segmentation/Saint Milldale,8,4.889848256645118,395,21.60600745450559,14.252176433230021,111.14317035737777,23.996187986364003,189.89870642402983,34.7027317127752,False
DetR-large-scale.coco-segmentation/Saint Milldale,9,6.324479753810623,485,24.255239520958085,23.49971912374115,93.69580838323353,39.447220636735395,188.52694610778443,41.21212677923519,True
DetR-large-scale.coco-segmentation/Saint Milldale,10,4.62560444057048,297,21.95822281167109,16.81389724627161,104.27519893899205,27.03405348883786,186.2881299734748,35.60019025377706,False
DetR-large-scale.coco-segmentation/Saint Milldale,11,5.315394466229934,299,21.503136078538315,13.245934837854497,101.39760021816198,26.404906013817968,182.53776929370056,40.994893224741986,True
DetR-large-scale.coco-segmentation/Saint Milldale,12,5.357597663851283,338,20.77066603684459,10.328157401712236,102.23098724610297,27.127753248893573,178.40788852149268,35.41720629548436,False
DetR-large-scale.coco-segmentation/Saint Milldale,13,6.988023215816222,571,21.44267145725457,18.861690200209026,86.65063933213568,46.53511536716371,181.7665645144246,45.64544259132282,True
DetR-large-scale.coco-segmentation/Saint Milldale,14,5.44013273635243,352,32.296845574387945,35.415361151513906,46.41690207156309,32.15755654793343,181.1593691148776,45.06522033225236,True
DetR-large-scale.coco-segmentation/Saint Milldale,15,5.595947623932966,278,29.993723849372383,30.680964999973494,62.15402719665272,39.616097979701834,197.9343619246862,37.30638485083867,True
DetR-large-scale.coco-segmentation/Saint Milldale,16,5.494435702137713,399,20.036988110964334,8.925591252999581,106.33267283135183,32.50788723639478,167.40554821664466,34.060973702863706,False
DetR-large-scale.coco-segmentation/Saint Milldale,17,5.177593223698886,293,25.35698198198198,26.902253344946985,73.44397522522523,45.810865247647584,173.8293918918919,46.302990739605654,True
DetR-large-scale.coco-segmentation/Saint Milldale,18,7.3045180818219455,415,22.356645344705047,22.882034792640678,70.91073205401564,44.269202868743434,187.16403695806682,47.17657360981448,True
DetR-large-scale.coco-segmentation/Saint Milldale,19,4.621619847092168,533,39.880865166579454,46.83523347730131,93.01098901098901,42.10345482702385,116.79330193615908,54.99175534480989,False
DetR-large-scale.coco-segmentation/Saint Milldale,20,5.247952693818615,342,22.21849710982659,20.44054974901358,100.11421965317919,29.007049474028666,165.96878612716762,41.84348703438844,False
DetR-large-scale.coco-segmentation/Saint Milldale,21,2.8034060649779233,21,59.10344827586207,57.01971517943488,64.79310344827586,27.37023214388194,164.85344827586206,34.51967312905758,True
DOS-semicon.coco-segmentation/New Brook,0,6.007993787080487,491,0.0,0.0,0.0,0.0,161.57523322299127,76.6579568851471,False
DOS-semicon.coco-segmentation/New Brook,1,6.388702520798685,396,0.0,0.0,0.0,0.0,154.6099931787176,78.61677545589856,False
DOS-semicon.coco-segmentation/New Brook,2,5.91285618485487,311,0.0,0.0,0.0,0.0,149.8954534964228,77.74964354524921,False
DOS-semicon.coco-segmentation/New Brook,3,6.760347495017643,232,0.0,0.0,0.0,0.0,141.13333333333333,75.0444266336861,False
DOS-semicon.coco-segmentation/New Brook,4,9.30710463571301,403,0.0,0.0,0.0,0.0,127.16225448334757,76.0191896129069,True
DOS-semicon.coco-segmentation/New Brook,5,7.2735781563082345,247,0.0,0.0,0.0,0.0,150.25343473994113,78.2425633827838,True
DOS-semicon.coco-segmentation/New Brook,6,6.867182474459324,268,0.0,0.0,0.0,0.0,128.11458782908934,75.43338195419611,False
DOS-semicon.coco-segmentation/New Brook,7,6.527614816243959,229,0.0,0.0,0.0,0.0,148.03355363497712,81.65043157784311,True
DOS-semicon.coco-segmentation/New Brook,8,6.129475737288441,226,0.0,0.0,0.0,0.0,133.03737541528238,72.21660914430228,False
DOS-semicon.coco-segmentation/New Brook,9,5.12445283036975,1075,0.0,0.0,0.0,0.0,154.18195614234767,67.26906699626652,True
DOS-semicon.coco-segmentation/New Brook,10,6.2047644727620375,226,0.0,0.0,0.0,0.0,135.92694063926942,73.27555924056965,False
DOS-semicon.coco-segmentation/New Brook,11,5.790521500214199,259,0.0,0.0,0.0,0.0,137.07062723100458,78.0365985808361,False
DOS-semicon.coco-segmentation/New Brook,12,6.116440489192137,220,0.0,0.0,0.0,0.0,140.4278832530462,72.85257221698316,True
DOS-semicon.coco-segmentation/New Brook,13,5.661077914180145,309,0.0,0.0,0.0,0.0,143.7311778290993,75.28053321757658,False
DOS-semicon.coco-segmentation/New Brook,14,6.0861319186356475,407,0.0,0.0,0.0,0.0,147.9116208466858,76.2620643614628,True
DOS-semicon.coco-segmentation/New Brook,15,8.457266089606495,669,0.0,0.0,0.0,0.0,159.54350317011688,79.04910582472961,True
DOS-semicon.coco-segmentation/New Brook,16,6.304734472479231,577,0.0,0.0,0.0,0.0,185.38645101418533,77.8266739829935,True
DOS-semicon.coco-segmentation/New Brook,17,6.11507064593506,402,0.0,0.0,0.0,0.0,133.66381268565436,74.64632805728152,False
DOS-semicon.coco-segmentation/New Brook,18,5.982945938204454,220,0.0,0.0,0.0,0.0,136.5269991147831,73.6021715949601,False
DOS-semicon.coco-segmentation/New Brook,19,6.342590441973496,196,0.0,0.0,0.0,0.0,140.50015928639695,74.43412679822471,False
DOS-semicon.coco-segmentation/New Brook,20,6.682012314696579,193,0.0,0.0,0.0,0.0,125.55963590709354,69.65377377607389,False
DOS-semicon.coco-segmentation/New Brook,21,6.580366361470562,329,0.0,0.0,0.0,0.0,145.31929891407887,74.68520441831518,True
DetR-large-scale.coco-segmentation/Fort Lake,0,8.279132510909802,304,0.0,0.0,0.0,0.0,117.04759660697455,93.31034279210711,True
DetR-large-scale.coco-segmentation/Fort Lake,1,5.389249413185831,152,0.0,0.0,0.0,0.0,227.25683371298405,53.59258040304727,False
DetR-large-scale.coco-segmentation/Fort Lake,2,5.068504492942985,315,0.0,0.0,0.0,0.0,194.6736053288926,70.16256876730937,False
DetR-large-scale.coco-segmentation/Fort Lake,3,2.9630025110692033,1711,0.0,0.0,0.0,0.0,96.28381693596143,89.25119166213162,True
DetR-large-scale.coco-segmentation/Fort Lake,4,4.594227835418691,262,0.0,0.0,0.0,0.0,214.82871249525257,48.22996780693846,False
DetR-large-scale.coco-segmentation/Fort Lake,5,4.987459170231979,250,0.0,0.0,0.0,0.0,207.33598841419263,54.99856558840337,False
DetR-large-scale.coco-segmentation/Fort Lake,6,5.007224051866108,478,0.0,0.0,0.0,0.0,190.8081599010921,69.24885080270982,False
DetR-large-scale.coco-segmentation/Fort Lake,7,4.971158135861053,362,0.0,0.0,0.0,0.0,201.3244120032441,67.76437459166856,True
DetR-large-scale.coco-segmentation/Fort Lake,8,4.955302949076376,442,0.0,0.0,0.0,0.0,64.16633780584057,73.68917204048483,True
DetR-large-scale.coco-segmentation/Fort Lake,9,7.231277090223112,529,0.0,0.0,0.0,0.0,141.3651407055093,89.1669251053816,True
DetR-large-scale.coco-segmentation/Fort Lake,10,6.68784414974021,552,0.0,0.0,0.0,0.0,69.01625249030093,72.25842447644698,True
DetR-large-scale.coco-segmentation/Fort Lake,11,5.5733404195619185,463,0.0,0.0,0.0,0.0,164.78118375998696,68.83476879582449,False
DetR-large-scale.coco-segmentation/Fort Lake,12,5.8196646824024985,379,0.0,0.0,0.0,0.0,180.77785843920145,72.65163640277993,False
DetR-large-scale.coco-segmentation/Fort Lake,13,4.881503358291625,310,0.0,0.0,0.0,0.0,186.3446209950508,65.81109361916694,False
DetR-large-scale.coco-segmentation/Fort Lake,14,5.042680122776885,276,0.0,0.0,0.0,0.0,180.7327854916407,74.89968925484825,False
DetR-large-scale.coco-segmentation/Fort Lake,15,4.524699208346307,288,0.0,0.0,0.0,0.0,168.25081788440568,76.01353677981785,False
DetR-large-scale.coco-segmentation/Fort Lake,16,6.370614894403495,374,0.0,0.0,0.0,0.0,134.49193717277487,92.94365285025053,True
DetR-large-scale.coco-segmentation/Fort Lake,17,7.844014461172438,429,0.0,0.0,0.0,0.0,110.91989699105449,91.59550166687275,True
DetR-large-scale.coco-segmentation/Fort Lake,18,5.063259832375665,262,0.0,0.0,0.0,0.0,203.34836561743342,61.97713989044263,False
DetR-large-scale.coco-segmentation/Fort Lake,19,6.343007511449764,358,0.0,0.0,0.0,0.0,135.44909502262445,85.91933440191383,True
DetR-large-scale.coco-segmentation/Fort Lake,20,4.541535100592274,262,0.0,0.0,0.0,0.0,190.7673043478261,60.96138571575972,True
DetR-large-scale.coco-segmentation/Fort Lake,21,5.325572372058394,268,0.0,0.0,0.0,0.0,165.86244057052298,77.64849951396,False
DetR-large-scale.coco-segmentation/Fort Lake,22,7.5676470289301,345,0.0,0.0,0.0,0.0,172.00271324402237,84.1989999249691,True
DetR-large-scale.coco-segmentation/Fort Lake,23,6.208497262501598,93,0.0,0.0,0.0,0.0,225.39903069466882,43.481959927366056,False
DetR-large-scale.coco-segmentation/East Pinedale,0,5.080646936536618,203,0.0,0.0,0.0,0.0,185.21960146400977,74.23853768711834,False
DetR-large-scale.coco-segmentation/East Pinedale,1,5.273321240398055,155,0.0,0.0,0.0,0.0,152.7028901734104,81.46658340264477,False
DetR-large-scale.coco-segmentation/East Pinedale,2,4.992790692589169,318,0.0,0.0,0.0,0.0,168.15025906735752,73.17660981998127,False
DetR-large-scale.coco-segmentation/East Pinedale,3,5.7154148273716086,310,0.0,0.0,0.0,0.0,118.33237133237134,90.17848618471736,True
DetR-large-scale.coco-segmentation/East Pinedale,4,5.210736722172945,317,0.0,0.0,0.0,0.0,176.84851016429963,66.96017592563115,False
DetR-large-scale.coco-segmentation/East Pinedale,5,6.854549565713894,466,0.0,0.0,0.0,0.0,124.27731693363845,84.18767113184899,True
DetR-large-scale.coco-segmentation/East Pinedale,6,5.203962547748475,473,0.0,0.0,0.0,0.0,166.2143294549908,78.85348442093067,True
DetR-large-scale.coco-segmentation/East Pinedale,7,4.60691122009837,369,0.0,0.0,0.0,0.0,205.80538484050336,57.345222667199046,False
DetR-large-scale.coco-segmentation/East Pinedale,8,4.335276143620638,440,0.0,0.0,0.0,0.0,57.088539325842696,59.592407923628095,True
DetR-large-scale.coco-segmentation/East Pinedale,9,5.6862921448250825,447,0.0,0.0,0.0,0.0,184.53676470588235,76.54470649224447,False
DetR-large-scale.coco-segmentation/East Pinedale,10,6.145359991587338,575,0.0,0.0,0.0,0.0,65.92698768197089,73.55338151546339,True
DetR-large-scale.coco-segmentation/East Pinedale,11,7.136797362918051,624,0.0,0.0,0.0,0.0,191.0453282223287,71.423284935835,False
DetR-large-scale.coco-segmentation/East Pinedale,12,5.98752517126566,474,0.0,0.0,0.0,0.0,137.95593168648978,63.83847634419518,False
DetR-large-scale.coco-segmentation/East Pinedale,13,5.929048380781461,364,0.0,0.0,0.0,0.0,177.54334732615442,67.35196763467073,False
DetR-large-scale.coco-segmentation/East Pinedale,14,6.46827625513017,293,0.0,0.0,0.0,0.0,186.53579218719017,69.54931014498925,False
DetR-large-scale.coco-segmentation/East Pinedale,15,5.243402093773687,270,0.0,0.0,0.0,0.0,157.24410540915395,65.55741824243097,False
DetR-large-scale.coco-segmentation/East Pinedale,16,5.953306876712354,265,0.0,0.0,0.0,0.0,124.79559118236473,80.12070776878349,False
DetR-large-scale.coco-segmentation/East Pinedale,17,6.00939061034967,271,0.0,0.0,0.0,0.0,158.95583307950045,78.41544624697129,False
DetR-large-scale.coco-segmentation/East Pinedale,18,7.6602812976280825,382,0.0,0.0,0.0,0.0,135.2855159648311,89.32857896145748,True
DetR-large-scale.coco-segmentation/East Pinedale,19,4.333735109891887,666,0.0,0.0,0.0,0.0,135.07904411764707,94.96038035839882,True
DetR-large-scale.coco-segmentation/East Pinedale,20,6.116222212643076,242,0.0,0.0,0.0,0.0,190.35531628532974,74.48651495739942,False
DetR-large-scale.coco-segmentation/East Pinedale,21,5.9453305291776815,258,0.0,0.0,0.0,0.0,114.50667037242913,84.60732851760412,True
DetR-large-scale.coco-segmentation/East Pinedale,22,5.767401780344258,253,0.0,0.0,0.0,0.0,158.09464803585553,75.76332885225814,False
DetR-large-scale.coco-segmentation/East Pinedale,23,5.5723892545133475,412,0.0,0.0,0.0,0.0,164.84019900497512,69.99602075370737,True
DOS-semicon.coco-segmentation/Lake Silvercrest,0,7.208442789639073,364,0.0,0.0,0.0,0.0,132.26313957535677,48.24533783910677,False
DOS-semicon.coco-segmentation/Lake Silvercrest,1,7.137976240689209,365,0.0,0.0,0.0,0.0,130.34360147861292,48.195779680409736,False
DOS-semicon.coco-segmentation/Lake Silvercrest,2,6.455876104715826,259,0.0,0.0,0.0,0.0,157.50076687116564,65.21616564296463,True
DOS-semicon.coco-segmentation/Lake Silvercrest,3,6.6182729324770815,313,0.0,0.0,0.0,0.0,128.09694374148336,38.78155361159295,False
DOS-semicon.coco-segmentation/Lake Silvercrest,4,11.232856587315936,558,0.0,0.0,0.0,0.0,134.45788510794,59.77782258211309,True
DOS-semicon.coco-segmentation/Lake Silvercrest,5,8.064414545283,268,0.0,0.0,0.0,0.0,158.79230046948356,65.1287958847182,True
DOS-semicon.coco-segmentation/Lake Silvercrest,6,7.489382180795892,287,0.0,0.0,0.0,0.0,138.7011207970112,45.89215165617984,False
DOS-semicon.coco-segmentation/Lake Silvercrest,7,7.355730797685378,317,0.0,0.0,0.0,0.0,145.91055567031606,52.48945019586636,False
fariq-generalize-dos.coco-segmentation/Pine Wood,0,10.04001227666904,554,0.0,0.0,0.0,0.0,129.22200842954004,61.70442935430316,True
fariq-generalize-dos.coco-segmentation/Pine Wood,1,6.191418641654193,279,0.0,0.0,0.0,0.0,155.45499479708636,62.65882465796963,True
fariq-generalize-dos.coco-segmentation/Pine Wood,2,6.806564839870675,296,0.0,0.0,0.0,0.0,127.2997969355732,38.17231881746126,False
fariq-generalize-dos.coco-segmentation/Pine Wood,3,7.424739845084493,268,0.0,0.0,0.0,0.0,135.9078836424958,42.57717609655972,False
fariq-generalize-dos.coco-segmentation/Pine Wood,4,10.775836671941606,491,0.0,0.0,0.0,0.0,124.176,61.116687857231746,True
fariq-generalize-dos.coco-segmentation/Pine Wood,5,7.588694497798624,291,0.0,0.0,0.0,0.0,131.04941618015013,39.60389069954563,False
fariq-generalize-dos.coco-segmentation/Pine Wood,6,7.830006516173767,265,0.0,0.0,0.0,0.0,135.01958384332926,42.655002389827395,False
fariq-generalize-dos.coco-segmentation/Pine Wood,7,6.809496344795117,356,0.0,0.0,0.0,0.0,125.03416094382814,41.19687906018497,False
DetR-large-scale.coco-segmentation/Fort Rockville,0,2.888553819077005,1129,0.0,0.0,0.0,0.0,148.65068757229147,75.5921086470569,True
DetR-large-scale.coco-segmentation/Fort Rockville,1,5.694787788401085,319,0.0,0.0,0.0,0.0,153.92643229166666,72.74679925147193,False
DetR-large-scale.coco-segmentation/Fort Rockville,2,5.750430630729323,263,0.0,0.0,0.0,0.0,144.23377337733774,71.36925257065747,False
DetR-large-scale.coco-segmentation/Fort Rockville,3,5.6262357360556585,232,0.0,0.0,0.0,0.0,126.60545236668663,73.06376512981764,False
DetR-large-scale.coco-segmentation/Fort Rockville,4,5.742249489676886,191,0.0,0.0,0.0,0.0,133.27943121693121,70.7180688703803,False
DetR-large-scale.coco-segmentation/Fort Rockville,5,7.637549705420092,259,0.0,0.0,0.0,0.0,129.60752590438102,76.78359191252513,True
DetR-large-scale.coco-segmentation/Fort Rockville,6,5.169682828080738,223,0.0,0.0,0.0,0.0,130.28979074191503,73.89996308413825,False
DetR-large-scale.coco-segmentation/Fort Rockville,7,7.437261773470847,284,0.0,0.0,0.0,0.0,128.7930648769575,78.15661476895411,True
DetR-large-scale.coco-segmentation/Fort Rockville,8,5.398162518390942,233,0.0,0.0,0.0,0.0,137.92169811320755,74.61554608706639,True
DetR-large-scale.coco-segmentation/Fort Rockville,9,5.783381225027274,182,0.0,0.0,0.0,0.0,140.00549073438572,70.2059669900768,False
DetR-large-scale.coco-segmentation/Fort Rockville,10,5.467513084871671,253,0.0,0.0,0.0,0.0,145.138619201726,72.7738675686413,False
DetR-large-scale.coco-segmentation/Fort Rockville,11,4.993521131321675,362,0.0,0.0,0.0,0.0,181.61319627061917,69.39191870757492,True
DetR-large-scale.coco-segmentation/Fort Rockville,12,5.8876010255289675,436,0.0,0.0,0.0,0.0,194.8997832249458,68.1424622331722,True
DetR-large-scale.coco-segmentation/Fort Rockville,13,5.056083169148343,489,0.0,0.0,0.0,0.0,143.1960292983809,67.2522261302084,False
DetR-large-scale.coco-segmentation/Fort Rockville,14,4.9510482789123005,348,0.0,0.0,0.0,0.0,122.11049304677623,64.9563983188991,False
DetR-large-scale.coco-segmentation/Fort Rockville,15,5.877437965433893,176,0.0,0.0,0.0,0.0,122.60394644115574,63.667285146739665,False
DetR-large-scale.coco-segmentation/Fort Rockville,16,5.710364265874446,160,0.0,0.0,0.0,0.0,124.50425367362722,62.96267708574797,False
DetR-large-scale.coco-segmentation/Fort Rockville,17,5.820186720249054,161,0.0,0.0,0.0,0.0,119.82582461786002,65.3596571872479,False
DetR-large-scale.coco-segmentation/Fort Rockville,18,5.436217726749157,279,0.0,0.0,0.0,0.0,130.36040741708018,65.01232909924427,True
DetR-large-scale.coco-segmentation/Fort Rockville,19,6.203533341010585,203,0.0,0.0,0.0,0.0,141.7748567576677,70.44242104691247,False
DetR-large-scale.coco-segmentation/Fort Rockville,20,5.514904821758473,202,0.0,0.0,0.0,0.0,135.04256880733945,69.14217518802475,True
DetR-large-scale.coco-segmentation/Fort Rockville,21,5.926470780077873,219,0.0,0.0,0.0,0.0,142.97916666666666,75.90522458891608,True
DOS-semicon.coco-segmentation/Glen Millport,0,6.1336034187774215,258,0.0,0.0,0.0,0.0,123.43034697048162,38.09903814052678,False
DOS-semicon.coco-segmentation/Glen Millport,1,4.406024158065513,674,0.0,0.0,0.0,0.0,145.03694040098873,45.01440012360874,True
DOS-semicon.coco-segmentation/Glen Millport,2,7.223101090867904,349,0.0,0.0,0.0,0.0,148.9729248307802,71.18562302632168,True
DOS-semicon.coco-segmentation/Glen Millport,3,7.2902824287101735,265,0.0,0.0,0.0,0.0,140.17674626199508,45.957729763424155,False
DOS-semicon.coco-segmentation/Glen Millport,4,6.397766486184212,353,0.0,0.0,0.0,0.0,138.84635312873655,64.7284460606503,True
DOS-semicon.coco-segmentation/Glen Millport,5,6.986640710023693,279,0.0,0.0,0.0,0.0,137.4360902255639,45.654575261047356,False
DOS-semicon.coco-segmentation/Glen Millport,6,6.7537090541851565,375,0.0,0.0,0.0,0.0,146.00773584905662,71.06263870278055,True
DOS-semicon.coco-segmentation/Glen Millport,7,7.166855319301823,273,0.0,0.0,0.0,0.0,137.58854166666666,47.13497563900087,False
UNISEM-ZN1461.coco-segmentation/East Clearstead,0,5.192838138571494,188,0.0,0.0,0.0,0.0,191.0848662207358,80.09606943870965,False
UNISEM-ZN1461.coco-segmentation/East Clearstead,1,4.631141207479362,318,0.0,0.0,0.0,0.0,204.6167456556082,63.89595638606414,False
UNISEM-ZN1461.coco-segmentation/East Clearstead,2,5.087520939033704,286,0.0,0.0,0.0,0.0,195.6081909061593,71.32422971149255,False
UNISEM-ZN1461.coco-segmentation/East Clearstead,3,5.30674059428584,259,0.0,0.0,0.0,0.0,187.0934834527465,74.48334586448291,False
UNISEM-ZN1461.coco-segmentation/East Clearstead,4,5.292653259261332,215,0.0,0.0,0.0,0.0,204.47583333333333,62.18202647045384,False
UNISEM-ZN1461.coco-segmentation/East Clearstead,5,5.039336256039451,411,0.0,0.0,0.0,0.0,169.6873649046964,81.20017355772917,False
UNISEM-ZN1461.coco-segmentation/East Clearstead,6,5.187988240959298,399,0.0,0.0,0.0,0.0,179.56692913385828,73.01480394417365,True
UNISEM-ZN1461.coco-segmentation/East Clearstead,7,6.502639648606622,572,0.0,0.0,0.0,0.0,181.81461463625553,75.65043225342366,False
UNISEM-ZN1461.coco-segmentation/East Clearstead,8,5.186925277629705,477,0.0,0.0,0.0,0.0,162.17316191241463,76.54624739360177,False
UNISEM-ZN1461.coco-segmentation/East Clearstead,9,6.875239635742033,508,0.0,0.0,0.0,0.0,158.55403458213257,87.3565062488784,True
UNISEM-ZN1461.coco-segmentation/East Clearstead,10,4.075995631018047,1398,0.0,0.0,0.0,0.0,138.51149764150944,94.33137588466948,True
UNISEM-ZN1461.coco-segmentation/East Clearstead,11,5.59686683007804,474,0.0,0.0,0.0,0.0,161.59233559375494,75.36982277873432,False
UNISEM-ZN1461.coco-segmentation/East Clearstead,12,5.571240307152098,377,0.0,0.0,0.0,0.0,165.14493023255815,73.61216797715889,False
UNISEM-ZN1461.coco-segmentation/East Clearstead,13,5.408215552517745,328,0.0,0.0,0.0,0.0,181.73889993373095,72.05781399322453,False
UNISEM-ZN1461.coco-segmentation/East Clearstead,14,5.645121608916372,312,0.0,0.0,0.0,0.0,166.74479659413433,78.70304780655533,False
UNISEM-ZN1461.coco-segmentation/East Clearstead,15,7.6858186447691645,422,0.0,0.0,0.0,0.0,96.4034635752111,87.6416971115308,True
UNISEM-ZN1461.coco-segmentation/East Clearstead,16,6.225801597310564,403,0.0,0.0,0.0,0.0,138.46225247524754,86.54419392724803,True
UNISEM-ZN1461.coco-segmentation/East Clearstead,17,5.643404245397807,313,0.0,0.0,0.0,0.0,60.414795244385736,55.21588415486063,True
UNISEM-ZN1461.coco-segmentation/East Clearstead,18,4.652344789697741,309,0.0,0.0,0.0,0.0,194.283938172043,64.13226386850384,False
UNISEM-ZN1461.coco-segmentation/East Clearstead,19,5.428660789650627,289,0.0,0.0,0.0,0.0,183.46475409836066,76.5351564870122,True
UNISEM-ZN1461.coco-segmentation/East Clearstead,20,6.633571913157632,398,0.0,0.0,0.0,0.0,121.00859362088912,88.18788774761627,True
UNISEM-ZN1461.coco-segmentation/East Clearstead,21,4.674851246874296,267,0.0,0.0,0.0,0.0,221.39339554917444,55.251733636199084,False
UNISEM-ZN1461.coco-segmentation/East Clearstead,22,4.974086152048087,354,0.0,0.0,0.0,0.0,203.68484383000512,76.23517968964879,False
UNISEM-ZN1461.coco-segmentation/East Clearstead,23,4.131915986651613,634,0.0,0.0,0.0,0.0,62.50229427959621,65.14731226331564,True
UNISEM-ZN1461.coco-segmentation/East Clearstead,24,4.680423249702879,140,0.0,0.0,0.0,0.0,231.7529249827942,47.74784868889524,False
DetR-large-scale.coco-segmentation/Santa Ridgedale,0,4.812407077252048,343,19.524295432458697,17.989972442130064,112.14018464528668,29.00964164585141,178.3991739552964,48.94781923706107,False
DetR-large-scale.coco-segmentation/Santa Ridgedale,1,4.733548269210594,234,29.258299890550894,46.03927040513615,77.03356439255747,59.07297014337414,179.49799343305364,64.78336261054024,True
DetR-large-scale.coco-segmentation/Santa Ridgedale,2,5.405233315319298,329,32.99302200751476,43.94537372540891,109.95356951154052,38.52645105505928,182.8177670424047,50.38095683436723,False
DetR-large-scale.coco-segmentation/Santa Ridgedale,3,4.993058254011148,272,29.028439388553146,38.52033836987579,112.4614290792748,41.25068836773923,180.56523284749377,52.59779468387432,False
DetR-large-scale.coco-segmentation/Santa Ridgedale,4,5.932739761250689,272,40.62232603884927,52.2220342741588,108.61667076469142,42.382702042663766,179.76862552249816,51.238804786624435,False
DetR-large-scale.coco-segmentation/Santa Ridgedale,5,4.88122720080403,280,26.709059233449477,33.98060557966781,108.61184668989547,36.76269885227859,180.32229965156793,50.88459605780474,False
DetR-large-scale.coco-segmentation/Santa Ridgedale,6,4.333730154142085,270,24.462970297029702,27.0880762758423,111.90851485148515,36.499558477897544,177.4471287128713,49.355666929870814,False
DetR-large-scale.coco-segmentation/Santa Ridgedale,7,4.7944643659975625,276,28.031469825990374,35.34188196609149,108.29988893002592,39.22828831606501,174.21214365049983,51.464093519320535,False
DetR-large-scale.coco-segmentation/Santa Ridgedale,8,4.748427893050424,246,24.162521891418564,28.80096922528946,108.67390542907181,35.63243669738021,178.08091068301226,47.935019901644004,False
DetR-large-scale.coco-segmentation/Santa Ridgedale,9,3.7208459674983247,766,25.295348837209303,37.35414500305583,91.68589147286822,54.152852310405244,179.23472868217056,54.967427452449876,True
DetR-large-scale.coco-segmentation/Santa Ridgedale,10,5.2641616634764805,303,22.974258533855625,27.13386591126931,114.87325125909345,36.68835152865855,175.70537213206492,46.3317963656084,False
DetR-large-scale.coco-segmentation/Santa Ridgedale,11,5.103189717841695,300,23.456926658905704,27.88704048673339,112.29831199068684,36.62111815840116,176.54511059371362,48.847050520429526,False
DetR-large-scale.coco-segmentation/Santa Ridgedale,12,5.309243995081147,341,19.234945255474454,18.02194783164789,102.1405109489051,30.099293728435057,170.84489051094891,41.59563371276022,False
DetR-large-scale.coco-segmentation/Santa Ridgedale,13,5.337506217531507,358,19.14915179554968,15.911201762800722,108.15818462216347,30.320017547423536,181.54064771976206,46.08967391431647,True
DetR-large-scale.coco-segmentation/Santa Ridgedale,14,5.116239746979565,343,19.9960657255265,17.430212175596353,107.90974311501967,31.68524617592675,177.08030548484146,43.54321800044193,False
DetR-large-scale.coco-segmentation/Santa Ridgedale,15,4.609524972665649,725,20.614372469635626,30.285042203806942,91.66169028340082,57.22629293616543,187.42143218623482,53.993804011507216,True
DetR-large-scale.coco-segmentation/Santa Ridgedale,16,5.419624644472254,295,19.12331354560173,19.075747591404703,112.98219104155423,32.28496809294084,169.52455477603885,48.87201548813464,False
DetR-large-scale.coco-segmentation/Santa Ridgedale,17,5.517784095150314,527,29.180539443155453,36.7018862647883,107.90777262180974,41.06839787300561,180.23984918793502,47.66769958510643,False
DetR-large-scale.coco-segmentation/Santa Ridgedale,18,5.613843440646238,423,30.905929403581986,40.63833408432976,106.28395061728395,41.87978113927635,175.1549295774648,47.75283943130271,False
DetR-large-scale.coco-segmentation/Santa Ridgedale,19,5.323543211409743,419,31.679153399513016,41.95931678186806,109.50271586439408,42.24209942216919,183.4032590372729,47.772731744692955,False
DetR-large-scale.coco-segmentation/Santa Ridgedale,20,5.304255648901982,411,27.000199680511184,34.9844357217839,115.22823482428115,43.16022633512816,174.8448482428115,45.91439294001885,False
DetR-large-scale.coco-segmentation/Santa Ridgedale,21,4.963592366063144,410,23.844711335861778,28.293777272281,104.27770754319427,48.46020950294299,183.29624947324064,49.18233975602503,True
DetR-large-scale.coco-segmentation/Santa Ridgedale,22,4.4775990997282875,293,22.58505509641873,25.513385668609356,117.70247933884298,40.97564007129514,170.83849862258953,40.323798146000826,True
DetR-large-scale.coco-segmentation/Santa Ridgedale,23,2.918194508243644,250,27.74764150943396,24.34316366208451,99.59846698113208,32.811511045421476,185.4304245283019,41.028721748433036,False
DetR-large-scale.coco-segmentation/Oak Marsh,0,4.655519701793406,200,0.0,0.0,0.0,0.0,220.54916593503071,55.799307983817364,False
DetR-large-scale.coco-segmentation/Oak Marsh,1,4.629989822927457,153,0.0,0.0,0.0,0.0,236.1048387096774,37.98740281048197,False
DetR-large-scale.coco-segmentation/Oak Marsh,2,4.5697305471741645,316,0.0,0.0,0.0,0.0,219.14183474300586,53.85474741510821,False
DetR-large-scale.coco-segmentation/Oak Marsh,3,8.041409145737058,1767,0.0,0.0,0.0,0.0,89.69576917741712,84.92134534616699,True
DetR-large-scale.coco-segmentation/Oak Marsh,4,4.244156766217139,251,0.0,0.0,0.0,0.0,215.09409675987573,49.26672269546408,False
DetR-large-scale.coco-segmentation/Oak Marsh,5,4.749243496317583,303,0.0,0.0,0.0,0.0,225.15563564875492,41.97769438687204,False
DetR-large-scale.coco-segmentation/Oak Marsh,6,5.157407391462909,392,0.0,0.0,0.0,0.0,184.02423167848698,74.74230224826546,False
DetR-large-scale.coco-segmentation/Oak Marsh,7,5.03018644755939,432,0.0,0.0,0.0,0.0,202.46767786204407,65.4556476148813,False
DetR-large-scale.coco-segmentation/Oak Marsh,8,6.313349944776918,551,0.0,0.0,0.0,0.0,62.92026615540769,64.55633442539666,True
DetR-large-scale.coco-segmentation/Oak Marsh,9,5.286109420212249,457,0.0,0.0,0.0,0.0,175.8203629032258,77.61563036713453,False
DetR-large-scale.coco-segmentation/Oak Marsh,10,5.038400291481603,373,0.0,0.0,0.0,0.0,181.50354223433243,70.6868934699602,True
DetR-large-scale.coco-segmentation/Oak Marsh,11,3.9337997719266933,470,0.0,0.0,0.0,0.0,190.07599699021821,74.21220391323372,True
DetR-large-scale.coco-segmentation/Oak Marsh,12,4.750430064461207,286,0.0,0.0,0.0,0.0,161.368954248366,72.72411484025474,False
DetR-large-scale.coco-segmentation/Oak Marsh,13,3.955451107554252,690,0.0,0.0,0.0,0.0,102.88188109468386,81.75534733952766,True
DetR-large-scale.coco-segmentation/Oak Marsh,14,4.431331026068524,278,0.0,0.0,0.0,0.0,145.55445544554456,66.25211323752283,False
DetR-large-scale.coco-segmentation/Oak Marsh,15,4.988708922836155,284,0.0,0.0,0.0,0.0,142.99495798319327,69.55627653080754,False
DetR-large-scale.coco-segmentation/Oak Marsh,16,5.283283499273269,286,0.0,0.0,0.0,0.0,130.2642773892774,73.0212140288975,True
DetR-large-scale.coco-segmentation/Oak Marsh,17,4.731678748317024,279,0.0,0.0,0.0,0.0,148.86743408837728,64.33408691886596,False
DetR-large-scale.coco-segmentation/Oak Marsh,18,4.937938676840135,286,0.0,0.0,0.0,0.0,145.335076822491,69.22791299737553,True
DetR-large-scale.coco-segmentation/Oak Marsh,19,5.576674660340651,282,0.0,0.0,0.0,0.0,148.69711912795225,78.61619412845391,False
DetR-large-scale.coco-segmentation/Oak Marsh,20,5.297533475941238,314,0.0,0.0,0.0,0.0,153.89676966292134,65.54184891809489,False
DetR-large-scale.coco-segmentation/Oak Marsh,21,5.626199952782812,382,0.0,0.0,0.0,0.0,125.24097065462755,65.83494009419933,False
DetR-large-scale.coco-segmentation/Oak Marsh,22,5.4659900834425805,474,0.0,0.0,0.0,0.0,137.89963981663394,66.80954255904996,False
DetR-large-scale.coco-segmentation/Oak Marsh,23,5.701987101121513,616,0.0,0.0,0.0,0.0,160.35263157894738,66.91216162595234,False
DOS-semicon.coco-segmentation/Lake Heights,0,4.3412373401582265,363,0.0,0.0,0.0,0.0,139.3785166240409,40.11563782117388,False
DOS-semicon.coco-segmentation/Lake Heights,1,2.2375624735121753,840,0.0,0.0,0.0,0.0,137.94199535962878,62.12636157473782,True
DOS-semicon.coco-segmentation/Lake Heights,2,4.365412922757365,222,0.0,0.0,0.0,0.0,129.64415011037528,74.68312806850469,True
DOS-semicon.coco-segmentation/Lake Heights,3,3.5533486818471767,358,0.0,0.0,0.0,0.0,151.2130309805174,74.0706347314699,True
DOS-semicon.coco-segmentation/Lake Heights,4,2.434250899565074,1433,0.0,0.0,0.0,0.0,148.25356695869837,38.52616794060817,True
DOS-semicon.coco-segmentation/Lake Heights,5,5.457123592180396,370,0.0,0.0,0.0,0.0,105.03825519010964,67.41733956087276,True
DOS-semicon.coco-segmentation/Lake Heights,6,4.025561376395179,236,0.0,0.0,0.0,0.0,120.53663985701519,74.79071931695835,True
DOS-semicon.coco-segmentation/Lake Heights,7,5.219150376214018,1631,0.0,0.0,0.0,0.0,123.45033823186377,76.42609547932237,True
DetR-large-scale.coco-segmentation/Fort Brookshire,0,4.881361716476031,593,22.468021319120588,37.25301265733435,88.0811125916056,71.37082074390679,186.5742838107928,61.10098818948493,True
DetR-large-scale.coco-segmentation/Fort Brookshire,1,5.60058744128284,527,19.697460595446586,27.551135485181362,55.33756567425569,26.543925997938597,166.37536485697606,43.55944961930283,False
DetR-large-scale.coco-segmentation/Fort Brookshire,2,4.817252395331495,413,20.686772942697115,23.920468935469874,59.371176217147784,36.65777155379689,189.5622576475657,53.85414523479358,True
DetR-large-scale.coco-segmentation/Fort Brookshire,3,5.569547944271777,1538,25.432469693368194,35.04422878524813,63.18222010934157,48.27048942952279,197.07002614689802,51.16359377387057,True
DetR-large-scale.coco-segmentation/Fort Brookshire,4,7.620366598686237,438,34.206440483036225,44.81034655143991,56.755606670500285,33.11072032386385,183.8747843588269,51.17059823012009,True
DetR-large-scale.coco-segmentation/Fort Brookshire,5,5.0322185780944055,283,43.559115668055114,53.27986281750103,65.85453380326818,36.27948737526938,181.88625440563922,45.98787373536394,True
DetR-large-scale.coco-segmentation/Fort Brookshire,6,5.246327478753444,310,41.16964784795975,51.335811808089765,66.43292342090554,37.74213203249157,183.33650083845723,47.89190027625891,False
DetR-large-scale.coco-segmentation/Fort Brookshire,7,5.344719291757026,323,43.46983050847458,55.1674517616101,65.55480225988701,36.256328371675984,186.68406779661018,44.05845712766143,False
DetR-large-scale.coco-segmentation/Fort Brookshire,8,5.1068867868380385,422,33.99924457034938,46.880186014873054,69.3261567516525,38.82675432269748,195.04834749763927,37.97600162400812,False
DetR-large-scale.coco-segmentation/Fort Brookshire,9,4.89076851753679,692,26.486754517049313,40.00088804639372,94.58619752750985,44.531081201778925,190.24684146175792,36.17142180049253,False
DetR-large-scale.coco-segmentation/Fort Brookshire,10,4.7852570701402435,702,26.603097098214285,40.89782328087083,93.74497767857143,47.131432246218225,179.07826450892858,38.390347627512895,False
DetR-large-scale.coco-segmentation/Fort Brookshire,11,5.216027425417552,708,26.46806323094718,40.84031758109913,94.6530008996273,46.76644920689705,180.18121064130574,36.693887703639696,True
DetR-large-scale.coco-segmentation/Fort Brookshire,12,6.048830715867478,624,25.843774677546723,44.433161176391344,92.29047117662543,69.53427776594684,195.72992892866543,54.895996109076975,True
DetR-large-scale.coco-segmentation/Fort Brookshire,13,5.23208394446367,584,41.77453252974811,56.43431329739299,81.94189460670684,47.76443470557707,172.4394993045897,42.55319661807546,False
DetR-large-scale.coco-segmentation/Fort Brookshire,14,5.6726640476830985,583,38.04854510893406,54.49681006992081,83.47331481210703,47.93298875532551,167.1896476092996,41.606753677840935,True
DetR-large-scale.coco-segmentation/Fort Brookshire,15,5.711747944156429,593,32.851652149868656,48.958459020177685,74.0348403152219,45.443387965470315,179.28770911101893,37.845144747613034,False
DetR-large-scale.coco-segmentation/Fort Brookshire,16,4.6166209084350385,393,35.064145847400404,49.66308889836784,60.19536349313527,30.385290963384616,188.31622777402657,42.14099860252462,False
DetR-large-scale.coco-segmentation/Fort Brookshire,17,6.237057541529846,324,47.85407546383156,55.87704617001126,57.46820929747759,32.53841526860482,184.67417135709817,48.54661430675223,True
DetR-large-scale.coco-segmentation/Fort Brookshire,18,5.7911072258318805,313,54.590086546026754,59.06562048280707,55.721741410962494,35.04223134091761,185.67977970102282,51.76806293103413,False
DetR-large-scale.coco-segmentation/Fort Brookshire,19,6.4762535617768355,434,39.417750846551414,51.102398576417116,57.16378542149349,40.460705641150135,188.48903938691856,54.30474035945157,True
DetR-large-scale.coco-segmentation/Fort Brookshire,20,5.306334065149201,329,47.485266288186,58.85508512797442,51.09948634766153,32.200664219270735,192.32630440659636,47.607027586092,False
DetR-large-scale.coco-segmentation/Fort Brookshire,21,5.428512883515677,320,33.29892303651169,47.683214532412386,54.876280535855,29.79536515369592,190.44260572629366,49.36492718599502,False
DetR-large-scale.coco-segmentation/Fort Brookshire,22,5.385388128779176,325,22.892993060219386,33.92551939920902,53.739422431161856,27.57518849086376,184.47727781508843,45.449786666811804,False
DetR-large-scale.coco-segmentation/Fort Brookshire,23,4.735081713759802,439,23.526026840178936,29.071528258758747,47.73708824725498,35.29024214348337,221.39243594957298,42.1934308112398,True
DetR-large-scale.coco-segmentation/Fort Brookshire,24,4.760671787943319,714,18.48108730044585,24.687879788550212,101.16597152308356,75.13008275900539,213.21084423989646,45.37349183503133,True
DetR-large-scale.coco-segmentation/Fort Brookshire,25,5.96252802083877,902,21.127395315826828,28.940697454553575,99.0041696238467,55.897040480646226,182.7209900638751,38.91950838427395,True
DetR-large-scale.coco-segmentation/Fort Brookshire,26,5.020641975922739,692,24.827188612099643,38.981576462272514,93.86035587188613,46.80961973267336,166.82220640569395,34.55176514806554,False
DetR-large-scale.coco-segmentation/Fort Brookshire,27,5.91873698236459,596,34.56315861502669,51.42719326088192,76.64102915013001,47.324918693104905,165.29998631449294,44.64861889565606,False
UNISEM-ZN1461.coco-segmentation/San Stoneboro,0,2.781266217267716,2122,0.0,0.0,0.0,0.0,87.11290322580645,73.23998667674832,True
UNISEM-ZN1461.coco-segmentation/San Stoneboro,1,6.2831105320701734,426,0.0,0.0,0.0,0.0,130.2977547495682,78.26109336167222,True
UNISEM-ZN1461.coco-segmentation/San Stoneboro,2,3.8856887537708125,323,0.0,0.0,0.0,0.0,202.96023782980305,62.88447036391222,False
UNISEM-ZN1461.coco-segmentation/San Stoneboro,3,4.660386089669349,282,0.0,0.0,0.0,0.0,225.5545193687231,51.614266796730874,True
UNISEM-ZN1461.coco-segmentation/San Stoneboro,4,4.495003306002096,307,0.0,0.0,0.0,0.0,198.61937478529714,66.04907523310817,False
UNISEM-ZN1461.coco-segmentation/San Stoneboro,5,5.091004518750623,448,0.0,0.0,0.0,0.0,190.28034744842563,69.31654729478026,False
UNISEM-ZN1461.coco-segmentation/San Stoneboro,6,4.8926962217788565,375,0.0,0.0,0.0,0.0,222.70457697642163,55.02280544587402,True
UNISEM-ZN1461.coco-segmentation/San Stoneboro,7,5.408489495978909,428,0.0,0.0,0.0,0.0,199.15047810770005,67.10955973686156,False
UNISEM-ZN1461.coco-segmentation/San Stoneboro,8,4.237954531565165,356,0.0,0.0,0.0,0.0,190.27662874870734,67.45569231623976,False
UNISEM-ZN1461.coco-segmentation/San Stoneboro,9,6.33348299956956,551,0.0,0.0,0.0,0.0,206.8503740648379,60.490285519506514,True
UNISEM-ZN1461.coco-segmentation/San Stoneboro,10,6.083811284523879,629,0.0,0.0,0.0,0.0,204.54620146314014,61.65590820678528,False
UNISEM-ZN1461.coco-segmentation/San Stoneboro,11,5.875969707239464,468,0.0,0.0,0.0,0.0,188.6201143210258,70.66856127350026,False
UNISEM-ZN1461.coco-segmentation/San Stoneboro,12,5.238695613347481,396,0.0,0.0,0.0,0.0,200.329307568438,64.4821269548546,False
UNISEM-ZN1461.coco-segmentation/San Stoneboro,13,3.933026506266747,681,0.0,0.0,0.0,0.0,148.3568829593693,95.5879304122456,True
UNISEM-ZN1461.coco-segmentation/San Stoneboro,14,7.215665014120624,404,0.0,0.0,0.0,0.0,116.413665108606,88.00553032845527,True
UNISEM-ZN1461.coco-segmentation/San Stoneboro,15,5.197185165313226,291,0.0,0.0,0.0,0.0,203.20933876527735,69.79274094125412,False
UNISEM-ZN1461.coco-segmentation/San Stoneboro,16,5.50882130916024,284,0.0,0.0,0.0,0.0,100.95187338501292,82.60485042853044,True
UNISEM-ZN1461.coco-segmentation/San Stoneboro,17,5.067777338389725,920,0.0,0.0,0.0,0.0,100.47417798427448,86.07380249636215,True
UNISEM-ZN1461.coco-segmentation/San Stoneboro,18,5.100869406973072,279,0.0,0.0,0.0,0.0,218.63995179270864,59.4858120783752,False
UNISEM-ZN1461.coco-segmentation/San Stoneboro,19,5.170344316654633,276,0.0,0.0,0.0,0.0,224.00936838924147,53.820495414653465,True
UNISEM-ZN1461.coco-segmentation/San Stoneboro,20,5.816855042766993,879,0.0,0.0,0.0,0.0,100.06632814979372,81.16396993154132,True
UNISEM-ZN1461.coco-segmentation/San Stoneboro,21,5.1161072639270335,277,0.0,0.0,0.0,0.0,211.419185282523,62.207135444867404,False
UNISEM-ZN1461.coco-segmentation/San Stoneboro,22,5.286905564414153,353,0.0,0.0,0.0,0.0,194.19111323459148,77.39892860631674,False
UNISEM-ZN1461.coco-segmentation/San Stoneboro,23,4.5401747604611575,153,0.0,0.0,0.0,0.0,217.29579375848033,56.35701660098506,False
DetR-large-scale.coco-segmentation/Fort Valleyjunction,0,5.376377656795543,195,0.0,0.0,0.0,0.0,11.204976303317535,3.947854082369129,True
DetR-large-scale.coco-segmentation/Fort Valleyjunction,1,4.822505762811705,161,0.0,0.0,0.0,0.0,11.312380952380952,4.340017450877692,True
DetR-large-scale.coco-segmentation/Fort Valleyjunction,2,4.896904365289899,304,0.0,0.0,0.0,0.0,8.704851330203443,4.175518290035005,True
DetR-large-scale.coco-segmentation/Fort Valleyjunction,3,4.555999008597006,323,0.0,0.0,0.0,0.0,8.305991669336752,4.600014556201403,True
DetR-large-scale.coco-segmentation/Fort Valleyjunction,4,5.067813845058608,248,0.0,0.0,0.0,0.0,11.139962476547842,4.034410804898535,True
DetR-large-scale.coco-segmentation/Fort Valleyjunction,5,5.4196669066402565,297,0.0,0.0,0.0,0.0,10.29910585520623,3.8855425351757105,True
DetR-large-scale.coco-segmentation/Fort Valleyjunction,6,5.419357805017323,469,0.0,0.0,0.0,0.0,8.324950099800398,4.650649327692495,True
DetR-large-scale.coco-segmentation/Fort Valleyjunction,7,5.059977292396342,377,0.0,0.0,0.0,0.0,12.133659331703342,3.4118797686573625,True
DetR-large-scale.coco-segmentation/Fort Valleyjunction,8,5.91349272945621,397,0.0,0.0,0.0,0.0,6.655418009157199,4.2751675666986575,True
DetR-large-scale.coco-segmentation/Fort Valleyjunction,9,5.352153332064971,456,0.0,0.0,0.0,0.0,9.20807453416149,4.318667166287503,True
DetR-large-scale.coco-segmentation/Fort Valleyjunction,10,6.566568450283943,540,0.0,0.0,0.0,0.0,10.754530656538252,4.181227565557087,True
DetR-large-scale.coco-segmentation/Fort Valleyjunction,11,5.653280111936529,625,0.0,0.0,0.0,0.0,10.938567391571446,3.65937043443043,True
DetR-large-scale.coco-segmentation/Fort Valleyjunction,12,5.222675976996164,487,0.0,0.0,0.0,0.0,6.50496915695682,3.7163582568638187,True
DetR-large-scale.coco-segmentation/Fort Valleyjunction,13,5.438440912347163,395,0.0,0.0,0.0,0.0,10.63050650106734,4.152265972547882,True
DetR-large-scale.coco-segmentation/Fort Valleyjunction,14,5.858209050912389,309,0.0,0.0,0.0,0.0,7.521111818374708,4.32584713090659,True
DetR-large-scale.coco-segmentation/Fort Valleyjunction,15,5.717303216620338,285,0.0,0.0,0.0,0.0,9.813815300817033,4.630383662414737,True
DetR-large-scale.coco-segmentation/Fort Valleyjunction,16,5.197630057451096,289,0.0,0.0,0.0,0.0,8.085331672376206,4.632042110617527,True
DetR-large-scale.coco-segmentation/Fort Valleyjunction,17,5.376854171945019,268,0.0,0.0,0.0,0.0,8.77560975609756,4.190161559712249,True
DetR-large-scale.coco-segmentation/Fort Valleyjunction,18,5.716210223620702,281,0.0,0.0,0.0,0.0,7.4391461047962295,4.417634614087977,True
DetR-large-scale.coco-segmentation/Fort Valleyjunction,19,5.234796710903798,278,0.0,0.0,0.0,0.0,7.371373307543521,4.259936537127964,True
DetR-large-scale.coco-segmentation/Fort Valleyjunction,20,5.348234910666121,270,0.0,0.0,0.0,0.0,6.997345132743363,3.950840099833542,True
DetR-large-scale.coco-segmentation/Fort Valleyjunction,21,5.527322858802085,283,0.0,0.0,0.0,0.0,9.996892655367231,4.003563589835394,True
DetR-large-scale.coco-segmentation/Fort Valleyjunction,22,5.637133646240214,273,0.0,0.0,0.0,0.0,11.12859097127223,4.174889506586135,True
DetR-large-scale.coco-segmentation/Fort Valleyjunction,23,5.1005913444044895,366,0.0,0.0,0.0,0.0,9.426530126220529,4.467742725812259,True
fariq-generalize-dos.coco-segmentation/Santa Silverjunction,0,4.745139783476924,154,32.99583766909469,5.100344130589982,34.46253902185224,12.652931344043266,188.0894901144641,39.87270723643286,False
fariq-generalize-dos.coco-segmentation/Santa Silverjunction,1,4.716405933640184,174,31.343686354378818,10.754741570482231,34.062627291242364,20.806490067826303,201.34623217922606,37.76720526249153,True
fariq-generalize-dos.coco-segmentation/Santa Silverjunction,2,5.0835871679430475,451,30.67543358109396,5.684116397827582,40.04250047646274,13.053579769755297,172.7591004383457,41.32089463825475,True
fariq-generalize-dos.coco-segmentation/Santa Silverjunction,3,6.203054458746078,194,32.02288791652642,7.767325854688356,37.859979804779535,13.13195531083209,168.22315718613262,38.309072084388546,False
fariq-generalize-dos.coco-segmentation/Santa Silverjunction,4,5.750794778862556,257,30.300965360590574,6.504813591724345,40.68966496308916,13.760173086644134,175.62720045428733,39.417325963165624,True
fariq-generalize-dos.coco-segmentation/Santa Silverjunction,5,4.49197788734896,576,28.65480803099683,6.59011587818531,42.62169778090877,15.456442717919277,176.60126805213102,36.95025184569146,True
fariq-generalize-dos.coco-segmentation/Santa Silverjunction,6,4.514886145513421,571,29.92844857241142,10.174874747516265,42.33797729618163,16.061804835722537,178.7922256621947,38.66867946213081,True
fariq-generalize-dos.coco-segmentation/Santa Silverjunction,7,5.985795596200194,244,29.598010532475133,6.670495775331316,41.931831480397896,15.123493176371122,180.3493270918666,40.19976777634642,False
fariq-generalize-dos.coco-segmentation/Santa Silverjunction,8,6.044448121938958,255,30.656503496503497,8.787884003386752,41.558321678321676,15.412678369637565,179.6248951048951,39.852370872381435,False
fariq-generalize-dos.coco-segmentation/Santa Silverjunction,9,6.265960567528813,205,33.00665499124343,19.86510439246925,35.349912434325745,22.48176094746166,198.35726795096323,40.7114040430427,True
fariq-generalize-dos.coco-segmentation/Santa Silverjunction,10,5.324302405119757,248,30.820848938826465,9.591356636354673,40.14294631710362,13.543826887181005,174.09706616729088,33.224188410139924,False
fariq-generalize-dos.coco-segmentation/Santa Silverjunction,11,5.337199598494527,207,32.3166860240031,6.880343123651147,36.30739450251645,13.262207632343575,175.16957026713123,37.29965570884084,False
fariq-generalize-dos.coco-segmentation/Santa Silverjunction,12,6.283884101034597,337,26.76000734484025,8.782090094429758,50.991920675725304,19.52695080289759,183.03121557106132,37.621851712613555,True
fariq-generalize-dos.coco-segmentation/Santa Silverjunction,13,6.355352786133518,216,32.20994277539342,11.70206815034397,39.51609442060086,16.435118412150665,178.02932761087268,42.1197437856905,False
fariq-generalize-dos.coco-segmentation/Santa Silverjunction,14,6.6203469742911265,192,29.715129635707253,8.726992491127826,37.15851657367903,18.710325590967784,189.98523137512308,42.93902506789581,True
fariq-generalize-dos.coco-segmentation/Santa Silverjunction,15,4.548126319993957,155,33.29419703103914,6.375017138685488,34.58367071524966,13.703928454346768,185.26248313090417,40.07995462229241,False
fariq-generalize-dos.coco-segmentation/Santa Silverjunction,16,6.164111829789295,195,31.53159985554352,7.396022595916443,37.30155290718671,14.498617053668998,179.901047309498,41.9980260889004,False
fariq-generalize-dos.coco-segmentation/Santa Silverjunction,17,4.342429768228059,140,32.98235709244884,7.882005578904362,36.25617501764291,13.850803167685827,184.57374735356387,40.097169761297415,False
fariq-generalize-dos.coco-segmentation/Santa Silverjunction,18,6.324754462087494,197,30.961996034368802,11.22165415572638,37.54791804362194,16.771998032589323,185.16093853271644,41.28402029162192,True
fariq-generalize-dos.coco-segmentation/Santa Silverjunction,19,6.472494339076298,206,32.78117725307616,16.784318288704373,37.37246425008314,21.699790120344773,192.53076155636847,42.29622563788861,True
fariq-generalize-dos.coco-segmentation/Santa Silverjunction,20,4.781011549679014,158,32.58121827411168,6.835336859869409,36.316624365482234,13.403324755202215,183.3223350253807,40.746011715133406,False
fariq-generalize-dos.coco-segmentation/Santa Silverjunction,21,4.405034497137467,182,30.4437904649794,8.824206300126699,37.490876986462624,20.315153921788884,197.9329017068864,42.524918089301664,True
DOS-semicon.coco-segmentation/San Springland,0,6.750683606695302,311,0.0,0.0,0.0,0.0,123.1481619012254,39.62827125218143,False
DOS-semicon.coco-segmentation/San Springland,1,6.39088819031672,270,0.0,0.0,0.0,0.0,123.16204188481676,39.312104287034614,False
DOS-semicon.coco-segmentation/San Springland,2,3.09719127876965,1076,0.0,0.0,0.0,0.0,133.8677572236661,54.43728146697371,True
DOS-semicon.coco-segmentation/San Springland,3,8.276345153678461,382,0.0,0.0,0.0,0.0,136.94893802734944,61.24651139590003,True
DOS-semicon.coco-segmentation/San Springland,4,7.212271488187411,370,0.0,0.0,0.0,0.0,124.6903393287595,47.18790600706834,False
DOS-semicon.coco-segmentation/San Springland,5,6.935396534849257,299,0.0,0.0,0.0,0.0,133.5277712678697,46.07465197894819,False
DOS-semicon.coco-segmentation/San Springland,6,7.126454467065296,359,0.0,0.0,0.0,0.0,119.48781431334623,45.73904987240674,False
DOS-semicon.coco-segmentation/San Springland,7,6.461767649751249,269,0.0,0.0,0.0,0.0,118.8397618431271,36.839423237524215,True
DOS-semicon.coco-segmentation/Grand Rockburg,0,5.487147734398591,485,0.0,0.0,0.0,0.0,162.59789404409347,75.85644949562881,False
DOS-semicon.coco-segmentation/Grand Rockburg,1,6.766646900575468,396,0.0,0.0,0.0,0.0,151.12453441295546,75.78909285934982,False
DOS-semicon.coco-segmentation/Grand Rockburg,2,4.575863782247127,1120,0.0,0.0,0.0,0.0,155.37331136738055,66.18806523569336,True
DOS-semicon.coco-segmentation/Grand Rockburg,3,6.165108876241002,222,0.0,0.0,0.0,0.0,132.74622263336417,74.65321644945743,False
DOS-semicon.coco-segmentation/Grand Rockburg,4,9.313441696878293,403,0.0,0.0,0.0,0.0,126.16897506925208,75.73916048999244,True
DOS-semicon.coco-segmentation/Grand Rockburg,5,6.6813108002815715,226,0.0,0.0,0.0,0.0,130.24924012158056,75.85815792039462,False
DOS-semicon.coco-segmentation/Grand Rockburg,6,5.845166605389264,261,0.0,0.0,0.0,0.0,129.9628243512974,78.28186740031005,False
DOS-semicon.coco-segmentation/Grand Rockburg,7,7.088985459758721,203,0.0,0.0,0.0,0.0,129.37521557033753,73.21269312597987,False
DOS-semicon.coco-segmentation/Grand Rockburg,8,6.482522130625866,286,0.0,0.0,0.0,0.0,131.47457235321312,75.69568655634204,False
DOS-semicon.coco-segmentation/Grand Rockburg,9,6.860197804152902,243,0.0,0.0,0.0,0.0,145.17875647668393,76.54636689264888,True
DOS-semicon.coco-segmentation/Grand Rockburg,10,6.194237222569647,272,0.0,0.0,0.0,0.0,133.0568068068068,76.5938616721965,False
DOS-semicon.coco-segmentation/Grand Rockburg,11,6.2572206981721665,227,0.0,0.0,0.0,0.0,138.12777309744453,71.36188110248273,False
DOS-semicon.coco-segmentation/Grand Rockburg,12,6.271975587063572,286,0.0,0.0,0.0,0.0,144.4171702438008,75.37734873327051,False
DOS-semicon.coco-segmentation/Grand Rockburg,13,8.202136107365812,524,0.0,0.0,0.0,0.0,151.81044845122514,81.88728505939724,True
DOS-semicon.coco-segmentation/Grand Rockburg,14,6.441287189947588,489,0.0,0.0,0.0,0.0,159.1627591814609,76.65029764662393,False
DOS-semicon.coco-segmentation/Grand Rockburg,15,6.23288903793545,563,0.0,0.0,0.0,0.0,145.52234185733514,75.32472170565168,False
DOS-semicon.coco-segmentation/Grand Rockburg,16,5.561461129047948,1286,0.0,0.0,0.0,0.0,178.31140947536522,65.56748353663784,True
DOS-semicon.coco-segmentation/Grand Rockburg,17,6.780763044228815,244,0.0,0.0,0.0,0.0,137.97249869041383,73.50671263639362,False
DOS-semicon.coco-segmentation/Grand Rockburg,18,6.588704419056815,204,0.0,0.0,0.0,0.0,126.61937935402153,70.11250005768805,False
DOS-semicon.coco-segmentation/Grand Rockburg,19,6.562225973754026,347,0.0,0.0,0.0,0.0,135.10687171500877,69.81482268196464,True
DOS-semicon.coco-segmentation/Grand Rockburg,20,6.480448094537269,205,0.0,0.0,0.0,0.0,138.9425219941349,71.91822648247391,False
DOS-semicon.coco-segmentation/Grand Rockburg,21,6.2818784484776575,996,0.0,0.0,0.0,0.0,163.77257188819627,59.72948566355083,True
DetR-large-scale.coco-segmentation/South Greenheights,0,5.670426562285011,215,0.0,0.0,0.0,0.0,187.26099392205936,75.18516642783916,False
DetR-large-scale.coco-segmentation/South Greenheights,1,4.647040723209653,163,0.0,0.0,0.0,0.0,214.26683291770573,54.42886292580457,False
DetR-large-scale.coco-segmentation/South Greenheights,2,5.502222222560423,264,0.0,0.0,0.0,0.0,198.59459459459458,60.58449304476067,False
DetR-large-scale.coco-segmentation/South Greenheights,3,5.686409298883042,259,0.0,0.0,0.0,0.0,215.7709637046308,57.86835634680049,True
DetR-large-scale.coco-segmentation/South Greenheights,4,6.028701153050916,314,0.0,0.0,0.0,0.0,188.4374695863747,59.691036283307305,False
DetR-large-scale.coco-segmentation/South Greenheights,5,5.030879978862579,321,0.0,0.0,0.0,0.0,147.02493321460375,47.680051670285394,False
DetR-large-scale.coco-segmentation/South Greenheights,6,5.5861559252489705,481,0.0,0.0,0.0,0.0,132.7017446176689,78.10941598522672,False
DetR-large-scale.coco-segmentation/South Greenheights,7,5.041382633591322,393,0.0,0.0,0.0,0.0,187.67640918580375,70.69128306890886,False
DetR-large-scale.coco-segmentation/South Greenheights,8,4.59998422311474,406,0.0,0.0,0.0,0.0,91.65858843537416,58.93147123642102,False
DetR-large-scale.coco-segmentation/South Greenheights,9,4.923011326948532,450,0.0,0.0,0.0,0.0,134.42262633327505,69.75944667782296,False
DetR-large-scale.coco-segmentation/South Greenheights,10,6.234768659426967,547,0.0,0.0,0.0,0.0,190.18845462713386,69.53528822657516,False
DetR-large-scale.coco-segmentation/South Greenheights,11,6.632905218410088,617,0.0,0.0,0.0,0.0,183.9719908371512,71.56555921297598,False
DetR-large-scale.coco-segmentation/South Greenheights,12,5.899738088207769,477,0.0,0.0,0.0,0.0,161.21101485148515,67.29447783796921,False
DetR-large-scale.coco-segmentation/South Greenheights,13,5.09889373957765,393,0.0,0.0,0.0,0.0,136.01784964300714,60.065733771730464,True
DetR-large-scale.coco-segmentation/South Greenheights,14,5.580547478179962,322,0.0,0.0,0.0,0.0,93.00968904912122,69.55918075076208,True
DetR-large-scale.coco-segmentation/South Greenheights,15,5.717579212987396,278,0.0,0.0,0.0,0.0,152.2562421185372,78.682546776366,False
DetR-large-scale.coco-segmentation/South Greenheights,16,5.414822244438162,274,0.0,0.0,0.0,0.0,110.28225806451613,72.84893600312225,False
DetR-large-scale.coco-segmentation/South Greenheights,17,5.685106445136869,262,0.0,0.0,0.0,0.0,159.25869353266168,80.01168682906497,False
DetR-large-scale.coco-segmentation/South Greenheights,18,5.998604215675908,266,0.0,0.0,0.0,0.0,173.03553988062941,85.67338251199156,False
DetR-large-scale.coco-segmentation/South Greenheights,19,5.502636735971578,658,0.0,0.0,0.0,0.0,96.15831012070566,80.80597949024744,True
DetR-large-scale.coco-segmentation/South Greenheights,20,5.623387069995338,264,0.0,0.0,0.0,0.0,168.9650900900901,78.77182535962577,True
DetR-large-scale.coco-segmentation/South Greenheights,21,5.629203136675032,268,0.0,0.0,0.0,0.0,190.7717612809316,74.33658662375943,False
DetR-large-scale.coco-segmentation/South Greenheights,22,4.675815708013648,619,0.0,0.0,0.0,0.0,132.6363508178229,91.45717728862408,True
DetR-large-scale.coco-segmentation/South Greenheights,23,5.592972823986987,223,0.0,0.0,0.0,0.0,199.37257666549172,70.2746542562107,True
DetR-large-scale.coco-segmentation/River Greenmount,0,6.343382373267923,584,0.0,0.0,0.0,0.0,150.63958404753743,50.71513408752339,True
DetR-large-scale.coco-segmentation/River Greenmount,1,3.131547770511757,1059,0.0,0.0,0.0,0.0,172.71825199203187,50.60762441506714,True
DetR-large-scale.coco-segmentation/River Greenmount,2,4.081453921900489,422,0.0,0.0,0.0,0.0,141.90495422724825,34.24639665113728,False
DetR-large-scale.coco-segmentation/River Greenmount,3,5.021813776833308,432,0.0,0.0,0.0,0.0,138.83126066812972,41.004865366877546,False
DetR-large-scale.coco-segmentation/River Greenmount,4,7.295579400029692,584,0.0,0.0,0.0,0.0,145.99902188531604,49.75178146966392,True
DetR-large-scale.coco-segmentation/River Greenmount,5,5.222339737899004,443,0.0,0.0,0.0,0.0,140.5826280623608,40.6426982212766,False
DetR-large-scale.coco-segmentation/River Greenmount,6,5.4971582214056935,395,0.0,0.0,0.0,0.0,140.92005577504068,39.03911676134085,False
DetR-large-scale.coco-segmentation/River Greenmount,7,5.18066279774337,433,0.0,0.0,0.0,0.0,139.20886788206167,41.71689029086751,False
DetR-large-scale.coco-segmentation/River Greenmount,8,5.303516062613744,392,0.0,0.0,0.0,0.0,142.71708352996697,40.03301428732093,False
DetR-large-scale.coco-segmentation/River Greenmount,9,5.088948552394875,441,0.0,0.0,0.0,0.0,141.0819895525778,41.458141730338085,False
DetR-large-scale.coco-segmentation/River Greenmount,10,5.279980998487052,397,0.0,0.0,0.0,0.0,142.19941634241246,38.56683041448513,False
DetR-large-scale.coco-segmentation/River Greenmount,11,5.202596742983798,440,0.0,0.0,0.0,0.0,143.22875816993465,42.3149721151035,False
DetR-large-scale.coco-segmentation/River Greenmount,12,5.257150992638371,391,0.0,0.0,0.0,0.0,144.58551010349927,39.91233872689115,False
DetR-large-scale.coco-segmentation/River Greenmount,13,6.479108081832533,562,0.0,0.0,0.0,0.0,150.90403563233906,48.030688733789965,True
DetR-large-scale.coco-segmentation/River Greenmount,14,5.0802187431554,391,0.0,0.0,0.0,0.0,141.8080448065173,40.238195020897045,False
DetR-large-scale.coco-segmentation/River Greenmount,15,5.155300336286228,430,0.0,0.0,0.0,0.0,141.80572082379862,40.726368411349675,False
DetR-large-scale.coco-segmentation/River Greenmount,16,4.917061358106054,397,0.0,0.0,0.0,0.0,140.5719968178202,38.50019441851665,False
DetR-large-scale.coco-segmentation/River Greenmount,17,5.006714392284689,425,0.0,0.0,0.0,0.0,140.10275628626692,39.1324912139744,True
DetR-large-scale.coco-segmentation/River Greenmount,18,4.727051343654866,383,0.0,0.0,0.0,0.0,143.3073033707865,38.82116086531208,False
DetR-large-scale.coco-segmentation/River Greenmount,19,5.5044635822243,413,0.0,0.0,0.0,0.0,142.26603482477407,38.492991029266804,True
DetR-large-scale.coco-segmentation/River Greenmount,20,7.067021181981756,577,0.0,0.0,0.0,0.0,158.4483950617284,56.15042124566964,True
DetR-large-scale.coco-segmentation/River Greenmount,21,5.06340317121355,413,0.0,0.0,0.0,0.0,141.19286056540489,37.225268180342646,False
DetR-large-scale.coco-segmentation/River Greenmount,22,6.401700629926249,539,0.0,0.0,0.0,0.0,157.0028216704289,55.67267428880231,True
DetR-large-scale.coco-segmentation/River Greenmount,23,4.857220587797846,424,0.0,0.0,0.0,0.0,141.41266321754128,39.40008925793243,False
DetR-large-scale.coco-segmentation/River Greenmount,24,5.17168178329494,386,0.0,0.0,0.0,0.0,144.88053553038105,40.95434827660686,False
DetR-large-scale.coco-segmentation/River Greenmount,25,5.3339411970046955,422,0.0,0.0,0.0,0.0,141.71483578708947,40.090836774292384,False
DetR-large-scale.coco-segmentation/River Greenmount,26,5.12833434830673,378,0.0,0.0,0.0,0.0,143.91883535171348,38.992429292919226,False
DetR-large-scale.coco-segmentation/River Greenmount,27,4.935192163726282,410,0.0,0.0,0.0,0.0,138.8305582761998,38.25345505039561,False
DetR-large-scale.coco-segmentation/River Greenmount,28,4.729371551915966,374,0.0,0.0,0.0,0.0,141.74716772589113,37.461490435814405,False
DetR-large-scale.coco-segmentation/River Greenmount,29,4.488893698765652,412,0.0,0.0,0.0,0.0,139.02707628221816,40.907026823611645,False
DetR-large-scale.coco-segmentation/Saint Valley,0,5.340056932360381,413,0.0,0.0,0.0,0.0,158.63025048169555,70.11294143715563,False
DetR-large-scale.coco-segmentation/Saint Valley,1,5.66235889729532,332,0.0,0.0,0.0,0.0,153.9661751951431,72.74253436616483,False
DetR-large-scale.coco-segmentation/Saint Valley,2,7.776919427012887,353,0.0,0.0,0.0,0.0,135.4784508740205,75.12384382178419,True
DetR-large-scale.coco-segmentation/Saint Valley,3,6.190690236196206,187,0.0,0.0,0.0,0.0,148.86586657253795,75.28096573089225,True
DetR-large-scale.coco-segmentation/Saint Valley,4,5.780161881807818,231,0.0,0.0,0.0,0.0,131.8036096665647,70.89446854773387,True
DetR-large-scale.coco-segmentation/Saint Valley,5,6.993579488446883,250,0.0,0.0,0.0,0.0,130.41098525325924,79.00244243393657,True
DetR-large-scale.coco-segmentation/Saint Valley,6,5.593497719215376,231,0.0,0.0,0.0,0.0,126.45860827834433,72.98422841178326,False
DetR-large-scale.coco-segmentation/Saint Valley,7,5.57447124651291,193,0.0,0.0,0.0,0.0,133.97791369351003,71.02176845942138,False
DetR-large-scale.coco-segmentation/Saint Valley,8,5.408274587344365,189,0.0,0.0,0.0,0.0,136.73669268985097,71.65580587754359,True
DetR-large-scale.coco-segmentation/Saint Valley,9,5.174689387271124,221,0.0,0.0,0.0,0.0,132.97401774397972,74.35489324012241,True
DetR-large-scale.coco-segmentation/Saint Valley,10,5.697145126138282,208,0.0,0.0,0.0,0.0,135.09722686267958,71.71045351734199,False
DetR-large-scale.coco-segmentation/Saint Valley,11,5.705896319998716,233,0.0,0.0,0.0,0.0,136.16899732222552,74.16356155015295,False
DetR-large-scale.coco-segmentation/Saint Valley,12,5.707508977524169,181,0.0,0.0,0.0,0.0,139.68273231622746,70.37981635844314,False
DetR-large-scale.coco-segmentation/Saint Valley,13,5.435604549982749,252,0.0,0.0,0.0,0.0,145.0491095520777,72.72281959256753,False
DetR-large-scale.coco-segmentation/Saint Valley,14,5.029033907425925,346,0.0,0.0,0.0,0.0,144.24478542315993,72.91497377523523,False
DetR-large-scale.coco-segmentation/Saint Valley,15,5.942219455593498,411,0.0,0.0,0.0,0.0,159.51633228320344,72.47681307360492,False
DetR-large-scale.coco-segmentation/Saint Valley,16,5.055846257138797,490,0.0,0.0,0.0,0.0,143.05678964651344,67.0458189572276,False
DetR-large-scale.coco-segmentation/Saint Valley,17,4.916134282504341,346,0.0,0.0,0.0,0.0,122.15774861181221,64.92760774221634,True
DetR-large-scale.coco-segmentation/Saint Valley,18,5.424626476828621,200,0.0,0.0,0.0,0.0,136.74027879677183,64.14625883780224,True
DetR-large-scale.coco-segmentation/Saint Valley,19,8.367124486503842,249,0.0,0.0,0.0,0.0,119.39340360421625,70.76828549501597,True
DetR-large-scale.coco-segmentation/Saint Valley,20,5.80337100960309,168,0.0,0.0,0.0,0.0,126.69930356411307,73.27252751987182,True
DetR-large-scale.coco-segmentation/Saint Valley,21,5.523357657939041,279,0.0,0.0,0.0,0.0,130.70815119568013,64.88715554638111,False
DOS-semicon.coco-segmentation/South Fairland,0,6.688002632440809,336,0.0,0.0,0.0,0.0,128.77647496742975,48.2357503656009,False
DOS-semicon.coco-segmentation/South Fairland,1,7.646485966397909,394,0.0,0.0,0.0,0.0,127.70892478381465,48.90811160682238,False
DOS-semicon.coco-segmentation/South Fairland,2,3.7353263223637545,885,0.0,0.0,0.0,0.0,150.09875304572165,55.08633556202156,True
DOS-semicon.coco-segmentation/South Fairland,3,7.118669672804613,347,0.0,0.0,0.0,0.0,134.42472848788637,50.75385971253745,False
DOS-semicon.coco-segmentation/South Fairland,4,8.214271582631165,270,0.0,0.0,0.0,0.0,138.4661512351499,50.37742834315088,False
DOS-semicon.coco-segmentation/South Fairland,5,7.022440841267103,302,0.0,0.0,0.0,0.0,125.33835078534031,40.37564726687374,False
DOS-semicon.coco-segmentation/South Fairland,6,7.212017778574484,359,0.0,0.0,0.0,0.0,128.59172508121046,48.25303213466215,False
DOS-semicon.coco-segmentation/South Fairland,7,3.9050667686353577,732,0.0,0.0,0.0,0.0,142.97941712204008,54.51237167467879,True
fariq-generalize-dos.coco-segmentation/South Fairford,0,4.435567592021602,484,36.16153281994866,48.24649588858502,80.77374404107077,49.321979337730056,179.8006967363403,35.700328432564305,False
fariq-generalize-dos.coco-segmentation/South Fairford,1,4.5627229812529695,462,34.23247594737875,46.975119366333786,83.70214019242097,47.86829718357072,180.52817592774397,39.87780079223041,False
fariq-generalize-dos.coco-segmentation/South Fairford,2,7.1268957341426855,641,22.47621890547264,32.16442337392287,88.71233830845772,57.60328847202233,203.67781094527362,47.664658572154686,True
fariq-generalize-dos.coco-segmentation/South Fairford,3,4.709622901983394,465,38.803947958725885,50.0570617655158,90.39030955585464,48.20619607397083,186.3842530282638,42.38702233356982,False
fariq-generalize-dos.coco-segmentation/South Fairford,4,4.648756859770396,473,34.477973065510156,47.307053851163495,95.19424788860991,47.596305367632176,185.9020771513353,44.417375163457194,False
fariq-generalize-dos.coco-segmentation/South Fairford,5,4.575659427159706,472,37.96935201401051,49.41634767937535,89.65849387040281,49.23739193038513,188.31939579684763,41.89465094637561,False
fariq-generalize-dos.coco-segmentation/South Fairford,6,4.413636935864316,485,36.716642606723035,49.09465915164559,92.38770880593937,51.845772658871105,188.97648999793773,42.185825937815096,False
fariq-generalize-dos.coco-segmentation/South Fairford,7,4.093397973178727,477,32.256252562525624,47.27703043188011,96.08487084870849,49.643874971181404,186.0381303813038,37.64151079489119,False
fariq-generalize-dos.coco-segmentation/South Fairford,8,4.1489315150558665,506,30.993885127757153,45.053296018760825,85.91439178860013,50.79438496442067,184.4514086044988,38.4144532725109,False
fariq-generalize-dos.coco-segmentation/South Fairford,9,4.580764864345515,582,32.24167561761547,46.617897649887865,77.6219119226638,55.38811968284852,184.76996061582528,41.16078304354145,True
fariq-generalize-dos.coco-segmentation/South Fairford,10,4.436267700862056,514,32.35727868159729,46.43359987655685,86.45320092964293,55.54493669449161,184.00063384745405,38.53605959210432,False
fariq-generalize-dos.coco-segmentation/South Fairford,11,4.602381666463681,1130,17.936220536660958,31.58472710173115,101.79903759889079,81.924751195129,202.11940298507463,42.412210835187295,True
fariq-generalize-dos.coco-segmentation/South Fairford,12,4.47561241742628,523,31.720872865275144,48.79280129344528,83.492220113852,54.48139696258892,173.05047438330172,34.741868866493505,False
fariq-generalize-dos.coco-segmentation/South Fairford,13,4.0978764647666015,482,38.29316848281643,51.7106910553732,79.39082145850796,51.75596818398177,176.49518021793799,32.65874535536076,False
fariq-generalize-dos.coco-segmentation/South Fairford,14,7.918226286167477,656,21.21094264996704,31.929473289886133,112.13497033618985,77.85470369746761,203.10151615029665,42.151005077922015,True
fariq-generalize-dos.coco-segmentation/South Fairford,15,4.199584427647283,481,35.75589021131892,50.16574827645451,93.01384503279087,51.75094082551306,183.1683264512995,39.035313912831775,False
fariq-generalize-dos.coco-segmentation/South Fairford,16,3.025565024072545,1052,32.24884863371201,46.02247721517498,96.75422167638932,65.62408823163433,201.0460546515198,43.23768161443844,True
fariq-generalize-dos.coco-segmentation/South Fairford,17,4.828560490622456,483,37.9376728355669,48.64905152675043,96.01935758349288,49.98472269999106,177.93639651138056,44.37973569963424,False
fariq-generalize-dos.coco-segmentation/South Fairford,18,5.63948181240745,660,37.50471987250214,46.372662379291874,91.03126149319603,54.35301029046199,187.8244452617384,43.77553806291431,True
fariq-generalize-dos.coco-segmentation/South Fairford,19,4.799277710617116,486,31.44797843665768,45.67697863601422,97.01132075471698,50.4732469621532,181.55417789757414,43.81290967253537,False
fariq-generalize-dos.coco-segmentation/South Fairford,20,4.7213078879761445,503,36.9504883799259,49.19063939038446,93.07679353317616,50.31918160514335,180.991074435837,40.70693203563292,False
fariq-generalize-dos.coco-segmentation/South Fairford,21,4.327667633028248,522,35.431380417335475,48.08758088961384,86.78511235955057,50.52943783725972,184.9279695024077,37.735789319372294,False
fariq-generalize-dos.coco-segmentation/South Fairford,22,4.028091928907476,491,36.00802608477552,49.571820354455404,75.91773263105091,45.4131854825963,181.01680461499873,41.30364316951583,True
fariq-generalize-dos.coco-segmentation/South Fairford,23,4.349792261274491,491,25.144927536231883,36.63236612145256,68.88932806324111,46.583971105214516,178.10364514712342,35.815712735667375,False
fariq-generalize-dos.coco-segmentation/South Fairford,24,3.9099301179230372,493,24.08876854250059,34.82786739278786,68.78596656463385,43.44601277768859,173.7207440546268,34.48674019079268,True
DOS-semicon.coco-segmentation/Oak Crest,0,6.39557814780382,291,0.0,0.0,0.0,0.0,123.195,40.41976589491829,False
DOS-semicon.coco-segmentation/Oak Crest,1,6.265825451039624,323,0.0,0.0,0.0,0.0,121.8203982121089,40.31190672311204,False
DOS-semicon.coco-segmentation/Oak Crest,2,7.03993354773832,355,0.0,0.0,0.0,0.0,130.4033488372093,51.133458831190985,False
DOS-semicon.coco-segmentation/Oak Crest,3,7.59652891181871,280,0.0,0.0,0.0,0.0,138.0702375989996,48.41092887544071,False
DOS-semicon.coco-segmentation/Oak Crest,4,7.079390072125262,355,0.0,0.0,0.0,0.0,125.55481357818587,45.896303790704195,False
DOS-semicon.coco-segmentation/Oak Crest,5,7.329855470943165,369,0.0,0.0,0.0,0.0,124.6671418389166,48.09216216994373,False
DOS-semicon.coco-segmentation/Oak Crest,6,7.5937092046904375,267,0.0,0.0,0.0,0.0,130.83472711267606,46.04167222201509,False
DOS-semicon.coco-segmentation/Oak Crest,7,8.019832670796566,281,0.0,0.0,0.0,0.0,136.13838383838385,49.1663599519364,False
DetR-large-scale.coco-segmentation/Valley Mill,0,4.728372600560623,202,0.0,0.0,0.0,0.0,174.88918558077435,85.03324150967089,False
DetR-large-scale.coco-segmentation/Valley Mill,1,4.862875639211654,315,0.0,0.0,0.0,0.0,125.97363580625384,67.41795143402685,False
DetR-large-scale.coco-segmentation/Valley Mill,2,7.479324584119871,505,0.0,0.0,0.0,0.0,85.31046228710463,66.22842916537654,True
DetR-large-scale.coco-segmentation/Valley Mill,3,5.073364651257415,300,0.0,0.0,0.0,0.0,146.4242700729927,63.30924070314548,False
DetR-large-scale.coco-segmentation/Valley Mill,4,4.696888432987685,298,0.0,0.0,0.0,0.0,149.24237344954744,62.96693832073373,False
DetR-large-scale.coco-segmentation/Valley Mill,5,6.866262061959333,640,0.0,0.0,0.0,0.0,82.94207429201913,71.00312187631461,True
DetR-large-scale.coco-segmentation/Valley Mill,6,7.423018870194546,645,0.0,0.0,0.0,0.0,98.75389159415663,70.9538003602764,True
DetR-large-scale.coco-segmentation/Valley Mill,7,6.6440775945420985,501,0.0,0.0,0.0,0.0,177.03582766439908,82.27545176748649,False
DetR-large-scale.coco-segmentation/Valley Mill,8,5.190253077473928,468,0.0,0.0,0.0,0.0,115.89340506076908,76.01269801392363,True
DetR-large-scale.coco-segmentation/Valley Mill,9,1.9601236415113372,1555,0.0,0.0,0.0,0.0,126.80952380952381,83.0127669921375,True
DetR-large-scale.coco-segmentation/Valley Mill,10,5.514791775907937,367,0.0,0.0,0.0,0.0,175.79430589273892,76.98105642672563,False
DetR-large-scale.coco-segmentation/Valley Mill,11,5.1039403771352205,283,0.0,0.0,0.0,0.0,196.02731411229135,70.96367991437131,False
DetR-large-scale.coco-segmentation/Valley Mill,12,5.1868771373640765,292,0.0,0.0,0.0,0.0,191.49025487256372,74.60200734722149,False
DetR-large-scale.coco-segmentation/Valley Mill,13,5.425103868874022,267,0.0,0.0,0.0,0.0,184.24395161290323,71.18065056783573,True
DetR-large-scale.coco-segmentation/Valley Mill,14,5.111229032624267,293,0.0,0.0,0.0,0.0,115.54441913439635,79.99517595849987,False
DetR-large-scale.coco-segmentation/Valley Mill,15,5.6629473704129945,273,0.0,0.0,0.0,0.0,187.363202247191,81.92619208346116,False
DetR-large-scale.coco-segmentation/Valley Mill,16,6.933536115485098,401,0.0,0.0,0.0,0.0,86.85084562792372,72.39103231822402,True
DetR-large-scale.coco-segmentation/Valley Mill,17,5.463705783593137,291,0.0,0.0,0.0,0.0,155.35875623349955,84.11281560985272,False
DetR-large-scale.coco-segmentation/Valley Mill,18,5.38210124763288,278,0.0,0.0,0.0,0.0,181.24601910828025,73.98466111089448,False
DetR-large-scale.coco-segmentation/Valley Mill,19,5.624756980571673,303,0.0,0.0,0.0,0.0,120.52237808951236,66.22444932903458,False
DetR-large-scale.coco-segmentation/Valley Mill,20,5.541737330864459,394,0.0,0.0,0.0,0.0,191.38464419475656,71.40073377022001,False
DetR-large-scale.coco-segmentation/Valley Mill,21,5.697511377501586,473,0.0,0.0,0.0,0.0,107.99317460317461,64.31523888950392,False
DetR-large-scale.coco-segmentation/Valley Mill,22,6.183631653186338,665,0.0,0.0,0.0,0.0,78.42079699746108,70.01561329182425,True
DetR-large-scale.coco-segmentation/Valley Mill,23,5.437874086178329,157,0.0,0.0,0.0,0.0,155.64298297122724,89.99390901828508,True
DetR-large-scale.coco-segmentation/Valley Mill,24,4.411081400989509,63,0.0,0.0,0.0,0.0,153.41394025604552,81.5326736674969,False
fariq-generalize-dos.coco-segmentation/San Ridge,0,5.395236258266124,406,0.0,0.0,0.0,0.0,158.72674865488085,70.06596408343667,False
fariq-generalize-dos.coco-segmentation/San Ridge,1,8.934827919161478,477,0.0,0.0,0.0,0.0,152.83152225266937,85.15409303178453,True
fariq-generalize-dos.coco-segmentation/San Ridge,2,5.764733481323644,265,0.0,0.0,0.0,0.0,144.4028579280022,71.4872805130524,False
fariq-generalize-dos.coco-segmentation/San Ridge,3,8.265087112942204,285,0.0,0.0,0.0,0.0,134.63333893463283,74.66685764948028,True
fariq-generalize-dos.coco-segmentation/San Ridge,4,5.798862240887065,232,0.0,0.0,0.0,0.0,131.95482295482296,70.94430504368233,False
fariq-generalize-dos.coco-segmentation/San Ridge,5,5.5397532142538,230,0.0,0.0,0.0,0.0,126.65762195121951,73.0766981592428,False
fariq-generalize-dos.coco-segmentation/San Ridge,6,5.5511592692721266,194,0.0,0.0,0.0,0.0,133.9081944916695,70.98803652964459,True
fariq-generalize-dos.coco-segmentation/San Ridge,7,2.0286430741259642,839,0.0,0.0,0.0,0.0,155.19867914144194,76.32540940955026,True
fariq-generalize-dos.coco-segmentation/San Ridge,8,5.285754367471003,221,0.0,0.0,0.0,0.0,131.74316770186334,74.33164018655049,False
fariq-generalize-dos.coco-segmentation/San Ridge,9,5.657219303801297,208,0.0,0.0,0.0,0.0,134.88952125878808,71.62505023544811,False
fariq-generalize-dos.coco-segmentation/San Ridge,10,5.350873719277993,233,0.0,0.0,0.0,0.0,138.63035884407748,74.53083858077588,False
fariq-generalize-dos.coco-segmentation/San Ridge,11,5.719034656623495,181,0.0,0.0,0.0,0.0,140.01178918169208,70.27994250647077,False
fariq-generalize-dos.coco-segmentation/San Ridge,12,5.568045477256964,251,0.0,0.0,0.0,0.0,145.3832930432447,72.84816931432738,False
fariq-generalize-dos.coco-segmentation/San Ridge,13,3.19221320132041,730,0.0,0.0,0.0,0.0,155.06046427928737,70.96607791913281,True
fariq-generalize-dos.coco-segmentation/San Ridge,14,3.641426843571449,775,0.0,0.0,0.0,0.0,160.62982005141387,71.53878840043059,True
fariq-generalize-dos.coco-segmentation/San Ridge,15,5.065348965303019,490,0.0,0.0,0.0,0.0,143.17827513023346,67.15249587939581,False
fariq-generalize-dos.coco-segmentation/San Ridge,16,5.05219923314423,346,0.0,0.0,0.0,0.0,122.5784144233144,65.41360958884614,True
fariq-generalize-dos.coco-segmentation/San Ridge,17,3.6622359917310594,588,0.0,0.0,0.0,0.0,158.00545364402578,67.89433718156255,True
fariq-generalize-dos.coco-segmentation/San Ridge,18,4.793539942385507,437,0.0,0.0,0.0,0.0,142.1151885830785,68.3661484844918,True
fariq-generalize-dos.coco-segmentation/San Ridge,19,5.780094123602596,161,0.0,0.0,0.0,0.0,120.66076458752515,66.15653963317861,True
fariq-generalize-dos.coco-segmentation/San Ridge,20,5.404916228558838,280,0.0,0.0,0.0,0.0,130.6940867279895,65.18218664004577,False
fariq-generalize-dos.coco-segmentation/San Ridge,21,5.4408408198805915,188,0.0,0.0,0.0,0.0,128.39345454545455,69.14183651854371,True
DetR-large-scale.coco-segmentation/Lake Fairshire,0,5.798489918073791,192,0.0,0.0,0.0,0.0,201.75570272259014,71.92461353295221,False
DetR-large-scale.coco-segmentation/Lake Fairshire,1,4.643568943332782,143,0.0,0.0,0.0,0.0,238.02428868841082,35.992174239006594,False
DetR-large-scale.coco-segmentation/Lake Fairshire,2,4.262683764016954,270,0.0,0.0,0.0,0.0,207.1228962818004,54.60217055737186,False
DetR-large-scale.coco-segmentation/Lake Fairshire,3,4.444368051016619,281,0.0,0.0,0.0,0.0,216.44448542973072,47.64638046093427,False
DetR-large-scale.coco-segmentation/Lake Fairshire,4,4.915795505096875,254,0.0,0.0,0.0,0.0,123.30362694300518,65.16570644134075,True
DetR-large-scale.coco-segmentation/Lake Fairshire,5,4.604090029053802,263,0.0,0.0,0.0,0.0,222.92274844720498,43.750082639411715,True
DetR-large-scale.coco-segmentation/Lake Fairshire,6,4.5523497365390675,408,0.0,0.0,0.0,0.0,161.50120935232465,71.5809272357413,False
DetR-large-scale.coco-segmentation/Lake Fairshire,7,5.024567262240009,300,0.0,0.0,0.0,0.0,194.22334528855558,70.46391063850064,False
DetR-large-scale.coco-segmentation/Lake Fairshire,8,3.237011707286799,1940,0.0,0.0,0.0,0.0,78.53684278684278,71.01097749587271,True
DetR-large-scale.coco-segmentation/Lake Fairshire,9,5.88984236446767,392,0.0,0.0,0.0,0.0,165.79474659033508,78.40215512526754,False
DetR-large-scale.coco-segmentation/Lake Fairshire,10,6.230036625468084,546,0.0,0.0,0.0,0.0,188.14269522838038,68.31216669881965,False
DetR-large-scale.coco-segmentation/Lake Fairshire,11,6.217059112452787,603,0.0,0.0,0.0,0.0,187.08200505661208,70.05579273137415,False
DetR-large-scale.coco-segmentation/Lake Fairshire,12,6.797404972769683,602,0.0,0.0,0.0,0.0,126.02517805196108,87.29735755912084,True
DetR-large-scale.coco-segmentation/Lake Fairshire,13,4.686096523432446,480,0.0,0.0,0.0,0.0,169.50785623984106,78.69054516156547,True
DetR-large-scale.coco-segmentation/Lake Fairshire,14,4.784547369262374,309,0.0,0.0,0.0,0.0,179.12573926459245,65.28747575520045,True
DetR-large-scale.coco-segmentation/Lake Fairshire,15,5.09873456960194,278,0.0,0.0,0.0,0.0,159.44316052467207,77.37982392255692,False
DetR-large-scale.coco-segmentation/Lake Fairshire,16,3.966798319058535,725,0.0,0.0,0.0,0.0,106.00078198310916,89.37876073671238,True
DetR-large-scale.coco-segmentation/Lake Fairshire,17,5.309653178360259,296,0.0,0.0,0.0,0.0,166.49222350230414,73.48511908913612,False
DetR-large-scale.coco-segmentation/Lake Fairshire,18,5.148021082450617,299,0.0,0.0,0.0,0.0,170.50643238155004,74.6341492489776,False
DetR-large-scale.coco-segmentation/Lake Fairshire,19,4.989032776940594,264,0.0,0.0,0.0,0.0,200.1724561942822,63.3475481075418,False
DetR-large-scale.coco-segmentation/Lake Fairshire,20,5.402739020075157,265,0.0,0.0,0.0,0.0,196.73989298454222,72.20370469833614,False
DetR-large-scale.coco-segmentation/Lake Fairshire,21,4.430174996267235,253,0.0,0.0,0.0,0.0,214.86884083658276,49.2299204343547,False
DetR-large-scale.coco-segmentation/Lake Fairshire,22,5.391761416135803,239,0.0,0.0,0.0,0.0,205.94533191338303,66.35066636374697,False
DetR-large-scale.coco-segmentation/Lake Fairshire,23,4.826915719909814,284,0.0,0.0,0.0,0.0,180.72790095018715,74.03213648073826,False
UNISEM-ZN1461.coco-segmentation/Mount Brookheights,0,5.129283137372993,204,0.0,0.0,0.0,0.0,137.17644694533763,88.48620966319601,True
UNISEM-ZN1461.coco-segmentation/Mount Brookheights,1,4.443324155197618,151,0.0,0.0,0.0,0.0,237.1581491712707,37.450951199478276,False
UNISEM-ZN1461.coco-segmentation/Mount Brookheights,2,6.796652542947481,464,0.0,0.0,0.0,0.0,151.02527392257122,89.24340418373312,True
UNISEM-ZN1461.coco-segmentation/Mount Brookheights,3,4.603705031722072,329,0.0,0.0,0.0,0.0,204.6686985675099,58.44170913359933,False
UNISEM-ZN1461.coco-segmentation/Mount Brookheights,4,1.563734780455567,1952,0.0,0.0,0.0,0.0,126.8143752060666,94.97003621588424,True
UNISEM-ZN1461.coco-segmentation/Mount Brookheights,5,6.735643705840782,466,0.0,0.0,0.0,0.0,159.28248002367565,84.0223371715849,True
UNISEM-ZN1461.coco-segmentation/Mount Brookheights,6,5.201383528032704,397,0.0,0.0,0.0,0.0,181.86260430817,76.6678991616257,False
UNISEM-ZN1461.coco-segmentation/Mount Brookheights,7,4.708498645639453,429,0.0,0.0,0.0,0.0,208.1336918939685,61.90988790343172,False
UNISEM-ZN1461.coco-segmentation/Mount Brookheights,8,6.210218569368363,564,0.0,0.0,0.0,0.0,184.77785451197053,71.11569864869435,False
UNISEM-ZN1461.coco-segmentation/Mount Brookheights,9,4.890432556603466,458,0.0,0.0,0.0,0.0,184.41777972410773,72.24861414406652,True
UNISEM-ZN1461.coco-segmentation/Mount Brookheights,10,5.068502785719734,374,0.0,0.0,0.0,0.0,183.69386149003148,69.02888771394073,False
UNISEM-ZN1461.coco-segmentation/Mount Brookheights,11,4.967196983715205,352,0.0,0.0,0.0,0.0,191.75018735948038,74.11301500138437,False
UNISEM-ZN1461.coco-segmentation/Mount Brookheights,12,4.997188167568075,280,0.0,0.0,0.0,0.0,155.89420970266042,76.14438603835416,False
UNISEM-ZN1461.coco-segmentation/Mount Brookheights,13,4.668268483425985,270,0.0,0.0,0.0,0.0,78.18279569892474,78.36374500985143,True
UNISEM-ZN1461.coco-segmentation/Mount Brookheights,14,4.96823539453119,275,0.0,0.0,0.0,0.0,136.31708074534163,72.43842375561778,False
UNISEM-ZN1461.coco-segmentation/Mount Brookheights,15,5.065516346683433,274,0.0,0.0,0.0,0.0,140.92310188189487,71.15335362696584,False
UNISEM-ZN1461.coco-segmentation/Mount Brookheights,16,4.94479725276234,288,0.0,0.0,0.0,0.0,137.05800248138956,70.90236829091494,False
UNISEM-ZN1461.coco-segmentation/Mount Brookheights,17,4.996631369428514,282,0.0,0.0,0.0,0.0,146.032758013385,65.89234646089135,False
UNISEM-ZN1461.coco-segmentation/Mount Brookheights,18,4.897527240964539,292,0.0,0.0,0.0,0.0,143.96901032989004,70.68162002140733,False
UNISEM-ZN1461.coco-segmentation/Mount Brookheights,19,5.261230019521869,276,0.0,0.0,0.0,0.0,156.41462068965518,75.50671096020893,False
UNISEM-ZN1461.coco-segmentation/Mount Brookheights,20,5.416282253770596,312,0.0,0.0,0.0,0.0,149.46776057314537,67.93422377238342,False
UNISEM-ZN1461.coco-segmentation/Mount Brookheights,21,5.387950754464601,382,0.0,0.0,0.0,0.0,130.5758770201025,63.570775159228184,True
UNISEM-ZN1461.coco-segmentation/Mount Brookheights,22,5.499425023152911,510,0.0,0.0,0.0,0.0,69.67825239564723,53.44358031683795,True
UNISEM-ZN1461.coco-segmentation/Mount Brookheights,23,5.779378996867512,622,0.0,0.0,0.0,0.0,160.5275451220951,68.08241265616333,False
DetR-large-scale.coco-segmentation/Saint Oakdale,0,6.677317044242552,448,9.836553323029367,11.996895454103871,76.51571354971664,20.580802551440446,136.71213292117466,32.8325447377533,False
DetR-large-scale.coco-segmentation/Saint Oakdale,1,5.70794783148386,455,15.595078648185641,32.72059705288817,77.55692259772621,21.559544549650653,128.95156517676375,30.18842848279808,False
DetR-large-scale.coco-segmentation/Saint Oakdale,2,5.91452591459943,440,10.828898619063658,17.852696928991573,78.49073762209498,20.237999494468227,131.51364095655103,31.75130551117992,True
DetR-large-scale.coco-segmentation/Saint Oakdale,3,6.171567683765755,443,15.56825530718403,33.33588021771904,76.05820328975116,21.991971950871744,135.6794601433994,31.01736489815366,False
DetR-large-scale.coco-segmentation/Saint Oakdale,4,9.847903825908082,512,11.599534922348642,12.798798051968875,93.68989286604102,18.585008643984228,126.9775766132381,43.0593095585993,False
DetR-large-scale.coco-segmentation/Saint Oakdale,5,7.371133878723116,1154,11.226865073400472,10.688664332603633,79.7974347412195,21.373703788086434,161.87434240192394,62.35887372506283,True
DetR-large-scale.coco-segmentation/Saint Oakdale,6,9.913820484671962,535,11.41451871268385,12.400291552754817,90.76605504587155,17.14249409354074,126.87221494102228,41.46743871591521,False
DetR-large-scale.coco-segmentation/North Fairton,0,4.108166601538548,439,0.0,0.0,0.0,0.0,156.89289099526067,44.60033575503722,False
DetR-large-scale.coco-segmentation/North Fairton,1,4.4572914039051135,417,0.0,0.0,0.0,0.0,157.9974845643723,44.38858969502458,False
DetR-large-scale.coco-segmentation/North Fairton,2,4.277680519779689,405,0.0,0.0,0.0,0.0,159.52309316442333,46.43026091770056,False
DetR-large-scale.coco-segmentation/North Fairton,3,5.001474418407208,739,0.0,0.0,0.0,0.0,176.9515857760692,57.4726806473425,True
DetR-large-scale.coco-segmentation/North Fairton,4,7.194692994191885,642,0.0,0.0,0.0,0.0,160.38696517412936,79.11027261410739,True
DetR-large-scale.coco-segmentation/North Fairton,5,4.625712084028463,426,0.0,0.0,0.0,0.0,163.01790093182933,48.38731694064127,False
DetR-large-scale.coco-segmentation/North Fairton,6,4.204727602532805,405,0.0,0.0,0.0,0.0,152.10698569856984,46.86245287171608,False
DetR-large-scale.coco-segmentation/North Fairton,7,4.556409417861589,405,0.0,0.0,0.0,0.0,148.27450495049504,44.40087573285053,False
DetR-large-scale.coco-segmentation/North Fairton,8,5.1938818433085086,450,0.0,0.0,0.0,0.0,183.65845000986,65.9346234403046,True
DetR-large-scale.coco-segmentation/North Fairton,9,4.702212231466552,150,0.0,0.0,0.0,0.0,140.6410373066424,76.33443661957973,True
fariq-generalize-dos.coco-segmentation/Lake Stoneford,0,3.917745544397295,304,0.0,0.0,0.0,0.0,140.4852249832102,39.82014573065369,False
fariq-generalize-dos.coco-segmentation/Lake Stoneford,1,4.154242698568521,192,0.0,0.0,0.0,0.0,107.90150699677072,42.55109621269781,False
fariq-generalize-dos.coco-segmentation/Lake Stoneford,2,3.9287623260156743,199,0.0,0.0,0.0,0.0,101.5258467023173,41.39997808195367,False
fariq-generalize-dos.coco-segmentation/Lake Stoneford,3,2.8758507097227386,422,0.0,0.0,0.0,0.0,137.90512906469996,45.33839743646706,True
fariq-generalize-dos.coco-segmentation/Lake Stoneford,4,3.704710152353873,349,0.0,0.0,0.0,0.0,151.9393173198483,77.52877274487592,True
fariq-generalize-dos.coco-segmentation/Lake Stoneford,5,3.608944782532189,199,0.0,0.0,0.0,0.0,96.73433734939759,40.42921705933437,False
fariq-generalize-dos.coco-segmentation/Lake Stoneford,6,4.1371934047925745,202,0.0,0.0,0.0,0.0,99.87430025445293,39.794983202956466,False
fariq-generalize-dos.coco-segmentation/Lake Stoneford,7,3.5595419186892188,271,0.0,0.0,0.0,0.0,129.4909539473684,35.14593518849932,False
DOS-semicon.coco-segmentation/Lake Crest,0,5.384923501307346,2208,0.0,0.0,0.0,0.0,182.20390237360868,49.43734304429387,True
DOS-semicon.coco-segmentation/Lake Crest,1,4.435756765574388,2082,0.0,0.0,0.0,0.0,180.73339636019853,52.577257133120185,True
DOS-semicon.coco-segmentation/Lake Crest,2,7.377313534332686,617,0.0,0.0,0.0,0.0,141.38299024918743,39.59632867825275,False
DOS-semicon.coco-segmentation/Lake Crest,3,7.341246907163842,688,0.0,0.0,0.0,0.0,142.97133944238644,41.795297668212676,False
DOS-semicon.coco-segmentation/Lake Crest,4,7.811288694680466,628,0.0,0.0,0.0,0.0,139.50548334687247,38.9452683398912,False
DOS-semicon.coco-segmentation/Lake Crest,5,7.174739974405793,698,0.0,0.0,0.0,0.0,142.08516483516485,42.18214558662836,False
DOS-semicon.coco-segmentation/Lake Crest,6,10.233614839361737,930,0.0,0.0,0.0,0.0,149.74109552791745,49.73766237947324,True
DOS-semicon.coco-segmentation/Lake Crest,7,7.400463193366745,689,0.0,0.0,0.0,0.0,139.20842445564324,40.47877292702191,False
DOS-semicon.coco-segmentation/Lake Crest,8,7.788979260893323,618,0.0,0.0,0.0,0.0,141.1811371100164,38.54456680563519,False
DOS-semicon.coco-segmentation/Lake Crest,9,9.459037189397808,1025,0.0,0.0,0.0,0.0,149.1335177784609,50.039403498476226,True
DOS-semicon.coco-segmentation/Lake Crest,10,3.7669217591394477,1786,0.0,0.0,0.0,0.0,159.40914052834583,49.77085094374207,True
DOS-semicon.coco-segmentation/Lake Crest,11,7.223351181148451,693,0.0,0.0,0.0,0.0,170.6007123070835,54.509207547410874,True
DOS-semicon.coco-segmentation/Lake Crest,12,7.457604044566119,626,0.0,0.0,0.0,0.0,140.68657353098007,39.06188481940421,False
DOS-semicon.coco-segmentation/Lake Crest,13,6.633509421207739,709,0.0,0.0,0.0,0.0,140.95156046814043,41.72316933679482,False
DOS-semicon.coco-segmentation/Lake Crest,14,3.22898879035574,1753,0.0,0.0,0.0,0.0,149.42367962855485,46.341776945901294,True
DOS-semicon.coco-segmentation/Lake Crest,15,7.0962572785117795,677,0.0,0.0,0.0,0.0,137.57372854248854,39.02009532925974,False
DOS-semicon.coco-segmentation/Lake Crest,16,6.511657491099715,606,0.0,0.0,0.0,0.0,139.86192573945877,38.39001524225196,False
DOS-semicon.coco-segmentation/Lake Crest,17,7.836436984989073,671,0.0,0.0,0.0,0.0,141.7357508047718,39.22203542543213,False
DOS-semicon.coco-segmentation/Lake Crest,18,11.01261866895406,955,0.0,0.0,0.0,0.0,160.61477609831897,59.051135152141875,True
DOS-semicon.coco-segmentation/Lake Crest,19,6.985561901170098,680,0.0,0.0,0.0,0.0,140.55368804196553,39.3641441506247,True
DOS-semicon.coco-segmentation/Lake Crest,20,7.066561428437472,594,0.0,0.0,0.0,0.0,140.13745980707395,37.96592720397919,True
DOS-semicon.coco-segmentation/Lake Crest,21,9.989778523111044,898,0.0,0.0,0.0,0.0,156.3427869584636,53.4781396110733,True
DOS-semicon.coco-segmentation/Lake Crest,22,7.764926032011441,612,0.0,0.0,0.0,0.0,142.17026630320822,38.050362670307855,False
DOS-semicon.coco-segmentation/Lake Crest,23,7.131592267725961,677,0.0,0.0,0.0,0.0,141.84528026672223,41.34845904944092,False
DOS-semicon.coco-segmentation/Lake Crest,24,9.819413298679212,811,0.0,0.0,0.0,0.0,156.5534633490249,55.158382666208176,True
DOS-semicon.coco-segmentation/Lake Crest,25,7.445534272821456,663,0.0,0.0,0.0,0.0,142.75046885796073,40.600600534013374,False
DOS-semicon.coco-segmentation/Lake Crest,26,7.704633449329551,597,0.0,0.0,0.0,0.0,144.63744273219493,39.28990644952363,False
DOS-semicon.coco-segmentation/Lake Crest,27,6.816580500295617,678,0.0,0.0,0.0,0.0,136.57236984229854,40.268310547224104,False
DOS-semicon.coco-segmentation/Lake Crest,28,5.811677067256495,652,0.0,0.0,0.0,0.0,138.7867752227968,38.58916480965278,False
DOS-semicon.coco-segmentation/Lake Crest,29,6.916851079599681,706,0.0,0.0,0.0,0.0,139.61958333333334,41.47001768136898,True
DetR-large-scale.coco-segmentation/Ridge Heights,0,3.8979560309887242,1920,0.0,0.0,0.0,0.0,85.41817107242639,73.17549333462618,True
DetR-large-scale.coco-segmentation/Ridge Heights,1,4.635255337968293,168,0.0,0.0,0.0,0.0,216.6358525921299,54.23274789689324,False
DetR-large-scale.coco-segmentation/Ridge Heights,2,4.765308684192424,265,0.0,0.0,0.0,0.0,87.37870023817625,68.93623128082533,True
DetR-large-scale.coco-segmentation/Ridge Heights,3,2.693071105456895,1796,0.0,0.0,0.0,0.0,118.58575514346342,85.90173263970942,True
DetR-large-scale.coco-segmentation/Ridge Heights,4,5.2953426033254045,306,0.0,0.0,0.0,0.0,185.75089065497397,63.514020867043186,False
DetR-large-scale.coco-segmentation/Ridge Heights,5,4.880636972302503,286,0.0,0.0,0.0,0.0,126.83215275639051,79.57922822125634,True
DetR-large-scale.coco-segmentation/Ridge Heights,6,4.340994078729865,405,0.0,0.0,0.0,0.0,166.92687385740402,64.36897785970004,False
DetR-large-scale.coco-segmentation/Ridge Heights,7,5.661587657837933,421,0.0,0.0,0.0,0.0,94.32828027623378,70.19406576828486,True
DetR-large-scale.coco-segmentation/Ridge Heights,8,3.919064499672885,1992,0.0,0.0,0.0,0.0,111.2913455674447,87.1465772006136,True
DetR-large-scale.coco-segmentation/Ridge Heights,9,5.803213812660363,361,0.0,0.0,0.0,0.0,190.90107447202666,69.17583575941616,False
DetR-large-scale.coco-segmentation/Ridge Heights,10,5.364162433526936,300,0.0,0.0,0.0,0.0,203.27704485488127,66.14867829735945,False
DetR-large-scale.coco-segmentation/Ridge Heights,11,5.861099535185141,268,0.0,0.0,0.0,0.0,186.1798234552333,78.32106261343083,False
DetR-large-scale.coco-segmentation/Ridge Heights,12,5.2380633522473214,267,0.0,0.0,0.0,0.0,184.81011419249592,77.6238840122999,False
DetR-large-scale.coco-segmentation/Ridge Heights,13,3.835747465601119,674,0.0,0.0,0.0,0.0,136.37416319884204,92.25104418366854,True
DetR-large-scale.coco-segmentation/Ridge Heights,14,5.2238536867942935,292,0.0,0.0,0.0,0.0,200.34898515601333,68.34246932863381,False
DetR-large-scale.coco-segmentation/Ridge Heights,15,5.148784215512455,291,0.0,0.0,0.0,0.0,209.54247294194818,60.300659048775195,False
DetR-large-scale.coco-segmentation/Ridge Heights,16,5.442831240144028,245,0.0,0.0,0.0,0.0,217.74898196625946,53.898975727544595,False
DetR-large-scale.coco-segmentation/Ridge Heights,17,3.7156964574987756,653,0.0,0.0,0.0,0.0,152.52634370579915,90.39996979750406,True
DetR-large-scale.coco-segmentation/Ridge Heights,18,4.516311663321225,278,0.0,0.0,0.0,0.0,217.97638326585695,53.49348323480766,False
DetR-large-scale.coco-segmentation/Ridge Heights,19,5.089460971797369,460,0.0,0.0,0.0,0.0,190.29328404189772,70.62132374798041,False
DetR-large-scale.coco-segmentation/Ridge Heights,20,5.402823275304429,283,0.0,0.0,0.0,0.0,200.54477101845524,70.02583654382528,False
DetR-large-scale.coco-segmentation/Ridge Heights,21,5.445494461932926,464,0.0,0.0,0.0,0.0,195.74466644090757,66.97852453762219,True
DetR-large-scale.coco-segmentation/Ridge Heights,22,6.365501645516441,308,0.0,0.0,0.0,0.0,178.33957524548984,81.16989427074374,True
DetR-large-scale.coco-segmentation/Grand Pinecrest,0,4.713610887911818,585,25.992319508448542,31.215596947851214,86.3899982932241,61.307726145936805,206.67400580303806,44.91343316989138,True
DetR-large-scale.coco-segmentation/Grand Pinecrest,1,5.815801832921706,592,15.344596521243227,12.595696477264944,113.12360992301112,61.384728953560845,196.20444824636442,39.89675301610667,True
DetR-large-scale.coco-segmentation/Grand Pinecrest,2,5.2004592211118865,647,20.459217707701637,24.760367687078038,92.58580958156459,63.473755137329015,207.74878714372346,46.669354124058266,True
DetR-large-scale.coco-segmentation/Grand Pinecrest,3,5.137966600548164,587,28.52771688067648,41.56637817853898,85.38114625743815,46.309763090881525,180.8585969307861,38.34465757224441,True
DetR-large-scale.coco-segmentation/Grand Pinecrest,4,7.236945751128417,764,25.05263157894737,36.22526840901065,86.93929884336053,51.42618372031849,176.5840581009594,40.25090483289084,True
DetR-large-scale.coco-segmentation/Grand Pinecrest,5,5.1420846096506,583,27.842815519092163,41.573712184995365,76.87317896028216,39.233540271779525,177.9823646679957,37.72001342740723,False
DetR-large-scale.coco-segmentation/Grand Pinecrest,6,5.052673092381619,391,30.349651782056533,43.07066719800858,62.40700532568619,29.75636520237167,192.32691519868905,41.12889841698228,True
DetR-large-scale.coco-segmentation/Grand Pinecrest,7,5.195607369267386,340,38.57357653438501,50.947658060211005,64.63618437268919,35.77063503517021,187.1382795168844,42.629146454991925,True
DetR-large-scale.coco-segmentation/Grand Pinecrest,8,3.752100073478129,740,36.101609832092784,46.69576279062144,58.99169118919855,37.391957568035814,199.57469274710058,50.105770107248524,True
DetR-large-scale.coco-segmentation/Grand Pinecrest,9,5.271889513393406,327,36.84235229155163,47.729147308585546,62.153230259525124,34.071245866882826,189.54334621755936,47.318033840353074,True
DetR-large-scale.coco-segmentation/Grand Pinecrest,10,5.398189098540065,339,37.0872931126535,48.853001048719,58.97971169247197,32.58069966939494,186.04297917778965,47.47380225754138,False
DetR-large-scale.coco-segmentation/Grand Pinecrest,11,5.291188124704923,326,29.62685760605242,41.02566298138769,61.2910024317752,31.27004340901479,189.10942988381518,48.23081461287282,False
DetR-large-scale.coco-segmentation/Grand Pinecrest,12,5.523066158353851,341,20.374351211072664,25.497816066215297,62.972534602076124,27.789330088348358,186.36202422145328,44.280659552849926,False
DetR-large-scale.coco-segmentation/Grand Pinecrest,13,5.474000760932201,395,20.0231193313178,25.38668754304375,61.74230837631158,27.52893036256331,194.26996265338786,40.279580900318145,False
DetR-large-scale.coco-segmentation/Grand Pinecrest,14,5.240470882072181,701,20.643980407321475,27.248516551869805,80.60531064707399,37.34758915547127,187.03377159061614,35.026795531976425,False
DetR-large-scale.coco-segmentation/Grand Pinecrest,15,4.677159023091193,722,17.594606741573035,18.383386922245535,117.39595505617977,57.92126968364704,215.6630711610487,41.843713585172296,True
DetR-large-scale.coco-segmentation/Grand Pinecrest,16,5.637003310876333,705,20.2462949007787,27.738230780547493,92.12923888470233,40.869871507436486,192.09809093192666,35.29572271639462,True
DetR-large-scale.coco-segmentation/Grand Pinecrest,17,5.494259729316804,718,24.381955835962145,34.951721221765034,94.09993690851735,41.6311865174145,187.45186119873816,36.2196887480113,False
DetR-large-scale.coco-segmentation/Grand Pinecrest,18,5.527107299794151,706,24.613564668769715,34.80189402385191,95.69473428779422,41.20387452460473,191.60082504246543,37.458644533375875,False
DetR-large-scale.coco-segmentation/Grand Pinecrest,19,4.934300424620754,694,25.188338983050848,36.432199200665266,89.01369491525423,37.786428586605695,190.5804745762712,35.476693687955404,False
DetR-large-scale.coco-segmentation/Grand Pinecrest,20,5.139531384485459,426,32.130123743232794,43.93730466743119,70.58604021655066,32.29106411014888,197.9147331786543,36.05315691069697,False
DetR-large-scale.coco-segmentation/Grand Pinecrest,21,5.827252774687598,333,39.180138099106415,50.056858851672686,66.89419171405362,34.198914815382096,191.16734362307068,42.7591114770689,False
DetR-large-scale.coco-segmentation/Grand Pinecrest,22,5.91498229213224,287,35.125699745547074,45.915161017672624,68.29033078880407,36.3660697092665,187.01272264631044,46.04093035723449,False
DetR-large-scale.coco-segmentation/Grand Pinecrest,23,5.616860533170299,303,39.18300653594771,49.13966890304392,67.2924126172208,34.88716886902143,181.84171639670362,48.81277870190941,False
DetR-large-scale.coco-segmentation/Grand Pinecrest,24,5.650515477792595,286,38.18021201413428,48.390169029118475,63.65235118238652,35.614469258137305,181.47784724109812,49.94032302902176,False
DetR-large-scale.coco-segmentation/Grand Pinecrest,25,5.606514151137692,321,29.647823113745154,40.47996993539001,60.17939366309551,30.177621042075096,176.90266697059494,50.027381239391325,False
DetR-large-scale.coco-segmentation/Grand Pinecrest,26,4.8064512643253785,374,22.592721725866202,29.911869522151733,58.529962954892135,28.34346025031814,177.86010023970363,45.76702108353968,False
DetR-large-scale.coco-segmentation/Grand Pinecrest,27,4.554778282526113,513,20.660489384670743,28.02295088107105,58.22544080604534,28.585649420039204,160.40230298668587,38.63521944824334,False
UNISEM-ZN1461.coco-segmentation/New Marshfalls,0,4.961622865823046,218,0.0,0.0,0.0,0.0,99.82623086470832,75.16060590881732,True
UNISEM-ZN1461.coco-segmentation/New Marshfalls,1,4.313694157628218,157,0.0,0.0,0.0,0.0,176.1648590021692,72.13166043311632,False
UNISEM-ZN1461.coco-segmentation/New Marshfalls,2,5.151961459918788,326,0.0,0.0,0.0,0.0,118.0861284820921,61.80936992141574,False
UNISEM-ZN1461.coco-segmentation/New Marshfalls,3,4.799647638655836,343,0.0,0.0,0.0,0.0,133.9564851207187,66.65002045049208,False
UNISEM-ZN1461.coco-segmentation/New Marshfalls,4,5.5706690916744686,435,0.0,0.0,0.0,0.0,112.83775411423039,71.6400570967277,True
UNISEM-ZN1461.coco-segmentation/New Marshfalls,5,4.882970458772835,301,0.0,0.0,0.0,0.0,157.36815123357897,63.544755221238205,False
UNISEM-ZN1461.coco-segmentation/New Marshfalls,6,5.257294409491156,373,0.0,0.0,0.0,0.0,129.25523429710867,78.11342482956516,False
UNISEM-ZN1461.coco-segmentation/New Marshfalls,7,7.859253326526294,622,0.0,0.0,0.0,0.0,109.61113751584284,74.2198162299186,True
UNISEM-ZN1461.coco-segmentation/New Marshfalls,8,5.420731372342783,557,0.0,0.0,0.0,0.0,144.74679443919558,71.65880881936405,False
UNISEM-ZN1461.coco-segmentation/New Marshfalls,9,5.2611986309294965,450,0.0,0.0,0.0,0.0,166.7909981246093,79.54617234224892,False
UNISEM-ZN1461.coco-segmentation/New Marshfalls,10,7.610164337232695,564,0.0,0.0,0.0,0.0,129.6816075978689,86.78773755416967,True
UNISEM-ZN1461.coco-segmentation/New Marshfalls,11,6.294232897439842,492,0.0,0.0,0.0,0.0,116.0771349862259,78.95218999918427,True
UNISEM-ZN1461.coco-segmentation/New Marshfalls,12,5.4338253244203685,306,0.0,0.0,0.0,0.0,201.16498940677965,73.99660402838052,False
UNISEM-ZN1461.coco-segmentation/New Marshfalls,13,5.872957253196827,271,0.0,0.0,0.0,0.0,196.22119060622612,77.37661878624691,False
UNISEM-ZN1461.coco-segmentation/New Marshfalls,14,5.317201143365081,273,0.0,0.0,0.0,0.0,182.63665501165502,73.02079227153433,False
UNISEM-ZN1461.coco-segmentation/New Marshfalls,15,5.099890616822765,271,0.0,0.0,0.0,0.0,207.0442779291553,66.29656413032872,False
UNISEM-ZN1461.coco-segmentation/New Marshfalls,16,5.378121406034373,280,0.0,0.0,0.0,0.0,163.740359140418,81.28188647063655,False
UNISEM-ZN1461.coco-segmentation/New Marshfalls,17,5.399727267922168,285,0.0,0.0,0.0,0.0,195.21123966942147,77.9119146997571,False
UNISEM-ZN1461.coco-segmentation/New Marshfalls,18,7.567566680926401,376,0.0,0.0,0.0,0.0,117.16409849086577,94.99720449568538,True
UNISEM-ZN1461.coco-segmentation/New Marshfalls,19,5.430071533324043,275,0.0,0.0,0.0,0.0,165.88448588448588,77.59661076191706,False
UNISEM-ZN1461.coco-segmentation/New Marshfalls,20,5.651330855417202,317,0.0,0.0,0.0,0.0,153.24864159965225,78.10269371745525,False
UNISEM-ZN1461.coco-segmentation/New Marshfalls,21,5.526108120231534,385,0.0,0.0,0.0,0.0,157.4620241056055,71.53893251822755,False
UNISEM-ZN1461.coco-segmentation/New Marshfalls,22,7.684061864464261,701,0.0,0.0,0.0,0.0,70.58793969849246,59.37255516491129,True
UNISEM-ZN1461.coco-segmentation/New Marshfalls,23,5.922377975228529,612,0.0,0.0,0.0,0.0,177.12253241443756,79.16160855533894,False
fariq-generalize-dos.coco-segmentation/Lake Pineboro,0,4.204376446657575,265,25.75775356244761,41.030828787188504,61.272841575859175,38.43299751028227,144.04652137468565,31.98083193286163,True
fariq-generalize-dos.coco-segmentation/Lake Pineboro,1,4.70665985796807,257,24.60525429437521,37.869621569295084,62.95419333108791,33.941302979205844,157.55877399797913,34.8776912833225,True
fariq-generalize-dos.coco-segmentation/Lake Pineboro,2,3.998745233434212,326,18.936757378305863,29.12816845222422,51.58834802606363,34.94322112895427,172.5795323878881,36.71414729170017,True
fariq-generalize-dos.coco-segmentation/Lake Pineboro,3,4.0869248118262345,293,14.862068965517242,13.041168568290813,56.05661983822903,29.337015541276518,174.6355896126011,38.0496754956594,True
fariq-generalize-dos.coco-segmentation/Lake Pineboro,4,4.231418646274053,280,15.714391416944137,16.44143982321972,54.088050314465406,28.933446051520765,195.8379578246393,41.51236850631111,True
fariq-generalize-dos.coco-segmentation/Lake Pineboro,5,4.414474418033512,399,16.265396299364816,20.67575559480884,73.47611157138913,31.94321106906177,164.75586854460093,44.97008790685228,True
fariq-generalize-dos.coco-segmentation/Lake Pineboro,6,4.373414058492928,283,17.48583460949464,24.259527705361332,62.289433384379784,34.87863001445258,187.72970903522204,41.06141132768841,True
fariq-generalize-dos.coco-segmentation/Lake Pineboro,7,4.276787902897944,274,20.1706457925636,30.312873386225395,56.33424657534247,33.000044792857324,182.59021526418786,44.52086278635369,True
fariq-generalize-dos.coco-segmentation/Lake Pineboro,8,4.681286929810579,278,16.656944444444445,21.507565376893734,61.94444444444444,35.32494550160492,181.45625,38.98065086030575,True
fariq-generalize-dos.coco-segmentation/Lake Pineboro,9,4.554450100094801,294,13.419420094403236,4.208180126122403,53.33580579905597,34.32797436219097,182.40593391773433,34.30628993617809,True
fariq-generalize-dos.coco-segmentation/Lake Pineboro,10,4.136252459940168,300,13.236979166666666,2.8373599891270946,51.16294642857143,32.37689958956609,180.00706845238096,36.85204524483624,True
